<?xml version='1.0' encoding='utf-8' standalone='yes' ?>
<map>
    <string name="user_purchases"></string>
    <string name="active_subscription_id_pref_key">0700cec9-170e-4f08-bc5f-5e84f31ea6e1</string>
    <int name="active_subscription_plan_cycle_period_multiplier_pref_key" value="1" />
    <boolean name="playing_offline_video_pref_name" value="false" />
    <string name="login_type">login type email</string>
    <long name="app_launch_time" value="1758699953280" />
    <string name="active_subscription_platform_pref_key">jio_stb</string>
    <boolean name="adjust_event_first_app_open_sent" value="true" />
    <string name="user_auth_provider_shared_pref_name">viewlift</string>
    <long name="app_last_launch_time" value="1758699870256" />
    <string name="user_name_pref">Yamin Dev</string>
    <string name="user_phone_pref">cpUy8Fu3BQQzEJzaj76rF2OFvKUn4q7sgXyhrAMmr2I=&#10;    </string>
    <string name="active_subscription_plan_currency_code_pref_key">INR</string>
    <boolean name="is_app_preinstall" value="false" />
    <string name="active_subscription_sku_pref_key">jiostb1month</string>
    <string name="active_subscription_payment_processor_key">JIO</string>
    <string name="user_password_pref">leacher123</string>
    <string name="anonymous_auth_token_pref_key">5f2floaad5sCqjET4aaq2xbCWRwjgOwBGfBwewzVzXL2AvdRK+5+fFJRBUVMLeu5BqBGm2SdN84L&#10;fF/6I04dRk3bBON4VJLGZqUFK+mzfC6nb3Q/7gPIwbXvlNPJD6EEQ5GQtJNntBN7UFN5TsUc/u+7&#10;Cupxk/6Oj7s0CdY8z7/1luJ+RV5haTSkOEohfQtzpngV6us8cc95GBZHKR2LUsJee9JG44otFvQs&#10;xSuSL6Opw1v8xtIRoF4YAhtMvW7+5BAnMvMNN90DM0TsKZ8DBJS66ivbO++iZEmi7ET1DFv/XHc2&#10;k6R8Tl6itU1ufdkO9KSBv2I9arDiNQTYrD9YPa9s9ubc9hqKJ2WlSi0fXrlWUa6u/bMHrFFSADuj&#10;zk0PLVy1w7sBVwbLdLuI8a+7SgQzjfuxgFjJfq2RlHup9HGJhrZ8NqP5s7WIoF/DRMq7zWCzfX8t&#10;+2vPAMcFtHOfxf6/7WUATywgeUaZXv1fROPSrAkSJSsJohW8WUBOSTLWkvDhm1iXu4I9j1Jz+oUb&#10;ETNTxsMFqxqfBye1oregD8FnVKlna0iq5wqvDf0PdVIUvXlBvEtdeQePDCSexxjDW4RTD4DToaIs&#10;urvb7VJqP3VBqcXhKk+4iiMKCfYrsF4SKV8HvN19ZuShP+oIMjVOzg0ULwHe1n4FINhX+qivjCJU&#10;3/DeWfVgCVZBU+BgIwLM0+9ahmiZYVDXKSOvtCuOS6qrAYA1MIRpXF0ZcyS/JVJvPzVecJLi1rn8&#10;pw6p6rIoP2qyx1Exp8VVuxOmaZ/KuGfhQeJKkwS5jDVT9hhvvnftlRzUdH/Q3F7EFkCImqZHlWsz&#10;QTy53XH78GMs6qMZeK3FwkVNB+ysI9gS1X9tRI+6fV+bm2TEEJmKwSbNOw/Qsp3ewQ7rqeihanFF&#10;YgnDXLX1L2RqgNo5x1EbR6Jts1EJ9twqfJIGe0bCYa6zLp5JcR2iI218hm8uXwkEew6IXK+YBdY9&#10;bQ2v8pGgOl+hwZnosDvymA6kNni35k1dx3FTQGIUjaBE9KnynN1Ll6soVB1vqnQSBxBSJwqdqoB6&#10;I7D47MEWtM71vrMNyyBXdHuHpFMSi/WfdBBMZax0KiKnmhVMkfQmqpFDV/sKAqAR796io4g1cj9e&#10;68yhtBQVEl2e&#10;    </string>
    <string name="user_id_pref">KgDcogutOakvCF8UsnO9vvs0j8SBosseD+E35jRZHP++ga7ugzDE4mZ7mnGdydTxMLRfP7dOKaHB&#10;lTZunPbKOA==&#10;    </string>
    <string name="active_subscription_country_code_key">IN</string>
    <string name="pref_registration_type">native</string>
    <boolean name="mini_player_view_status" value="true" />
    <boolean name="android_play_allowed" value="true" />
    <boolean name="user_allowed_hd_streaming" value="true" />
    <boolean name="existing_google_play_subscription_suspended_pref_key" value="false" />
    <string name="refresh_token_pref">17v+RY2lcobjSw1gDsHA7ln7FIQC5/0imfQClcPVH2/poASIFBs4uhgGmFG3r/zvhDJoUBJmBLu/&#10;ijm9+/bfIHHAIgYyBKfeCAyaawCdrbEiuXZ9rnaJJmCIB445XsORi9Vx/8zp8uqY9MAzY5Ib0T4U&#10;rw0Syk0seD2HhVXAStg=&#10;    </string>
    <boolean name="MSG-whatsapp" value="false" />
    <boolean name="parental_controls" value="false" />
    <boolean name="network_connected_share_pref_name" value="true" />
    <string name="active_subscription_start_date_pref_key">2025-09-21T00:00:00.000Z</string>
    <boolean name="user_allowed_download" value="true" />
    <boolean name="user_allowed_casting" value="true" />
    <string name="user_subscription_plan_tilte">Jio stb 1 month</string>
    <string name="user_profile_id">af963707-2d51-4305-9dee-e39f488e7746</string>
    <string name="active_subscription_end_date_pref_key">2025-10-22T15:59:59.000Z</string>
    <string name="active_subscription_plan_name_pref_key">Jio stb 1 month</string>
    <boolean name="is_home_started" value="true" />
    <boolean name="is_show_pip" value="true" />
    <string name="existing_subscription_plan_description">one month plan for jio stb users</string>
    <int name="video_watch_count" value="1" />
    <string name="user_state">eyJzdGF0ZSI6WyJzdWJzY3JpYmVkIl0sImNvbnRlbnRGaWx0ZXJJZCI6bnVsbH0=</string>
    <boolean name="set_user_password" value="true" />
    <string name="active_subscription_status_pref_key">COMPLETED</string>
    <string name="auth_token_pref">Wr7t5k8BdmWmQKumhxLl94iWV+q7XnjF7grtpWYtSFrJ48j+WCfbxV1Ab7fT1q7B8uQ8muZBXXPt&#10;3mOFOyhz9BsP2+YjSqV/rDIUrpen5n9nsWnBXVwfMCVo4HhBcNfXKfbCOixz2HbhqA537LuWQBtv&#10;ULNQTi1JgGL7EaMrtJG/7JkiEIGg/E2551CxEXMJOP+wIMk8TNSzf1yUK42UrN63n+538QaX0LKk&#10;oOj9fDifanakfawA9RFCK0X1MQSGgRXLtP+qfli1C+ICyHmC71rf8i7xd6e6gZTjbzm788SGvs4t&#10;mLlbr91mT0qGds33pLO7cw+CoEsKYn+Xhy9s/dfyhwDdYf4Ad2bK3CollgaQ1chsxxdKQ4LjkYNV&#10;i7QH4FIVkOlg3BmMg2AW/oC70Ei2/N4/z9A/TAK+ZM6STaWqJjk5cwMBkhkjXcS2lDFg2YW0wtWp&#10;+gVm2OuV9wFqpTgNYG1iIT3YoKLkwQdmslUK/nqJgZo2mK9iVWyzykRJhmOtX81JYUakjjaSdDR3&#10;G4q5z++quAvL1aHnnG3OMctEm0VJmUexGLBGWHyeLr9nX1zPwkv9l2Uo9xlUjY0rKrxzKNizX1vs&#10;07ouuV3HCs33HMN6cR1M7BlP2cs9VHhTRVCevz7iMfEZ9KzYu/D7+PsQ+u24LF7z4mHYnzj4Yb/E&#10;FsoL77x2ZY1VYXIQEM0A0bQeDw6wGKQbiFih+hL4BiGzDehQyWj/Sqjixw7pZEf++dMppR7+abSC&#10;eGpWSV7dmqH16lY8e5cGG2aKrzDDRGudwCOYGu3T6vj3WdX7zLuiuSHMrL1naL9EILwFeg90Y0ww&#10;Yfyl3rUWv4Ob9ln8zjd+KFCJWo5jGmGlmgbr/7XtyaRwR56PfFKmKDlsRzOET72oOT2jcSLhWOT1&#10;h3GQiipNIHvlSnm9JvEFCiqrX3ZyFY5tvG2ec6uU7qn36unC&#10;    </string>
    <string name="subscription_status_pref_name">COMPLETED</string>
    <string name="play_store_country_code">IN</string>
    <string name="USER_LOGGED_IN_MODE">NATIVE</string>
    <boolean name="is_user_subscribed_pref_key" value="true" />
    <int name="active_network_type_pref_name" value="1" />
    <string name="active_subscription_plan_price_pref_key">199.0</string>
    <boolean name="adjust_event_first_watched" value="true" />
    <boolean name="browser_storage" value="false" />
    <string name="active_subscription_plan_cycle_type_pref_key">MONTH</string>
    <boolean name="active_subscription_plan_renewable_pref_key" value="false" />
    <boolean name="browser_open" value="true" />
    <string name="user_device_list">{&quot;Count&quot;:3,&quot;Items&quot;:[{&quot;deviceId&quot;:&quot;656535b44c2d5730&quot;,&quot;deviceName&quot;:&quot;Xiaomi Redmi Note 9 Pro Max&quot;,&quot;platform&quot;:&quot;android&quot;,&quot;updateDate&quot;:&quot;2025-09-24T07:45:19.456Z&quot;},{&quot;deviceId&quot;:&quot;0435b2b5daf47b60&quot;,&quot;deviceName&quot;:&quot;Xiaomi 21091116AI&quot;,&quot;platform&quot;:&quot;android&quot;,&quot;updateDate&quot;:&quot;2025-06-18T14:14:53.642Z&quot;},{&quot;deviceId&quot;:&quot;e78df7ea60edcdff&quot;,&quot;deviceName&quot;:&quot;JMSB200A&quot;,&quot;platform&quot;:&quot;android_tv&quot;,&quot;updateDate&quot;:&quot;2025-09-23T16:11:28.260Z&quot;}]}</string>
    <boolean name="MSG-EMAIL_CONSENT_CHECKED_PREFS" value="true" />
    <string name="download_page_id_pref">28c3bb4e-ccfa-4b56-bbf9-e1237a7890b1</string>
    <string name="user_email_pref">+9+hRVDKYHUZOa0dcpTRMAt9o9/0niqdybYL+SxNYimj3NTgp7kDNqqNCnXAsu0N&#10;    </string>
    <int name="app_open_count" value="2" />
    <long name="user_loggedin_time_pref" value="1758699955597" />
</map>
