<?xml version='1.0' encoding='utf-8' standalone='yes' ?>
<map>
    <string name="user_purchases"></string>
    <string name="active_subscription_id_pref_key">44d0f5cc-c245-417e-8234-d2d39268e5e4</string>
    <int name="active_subscription_plan_cycle_period_multiplier_pref_key" value="1" />
    <string name="login_type">login type email</string>
    <long name="app_launch_time" value="1760738677798" />
    <string name="active_subscription_platform_pref_key">web_browser</string>
    <boolean name="adjust_event_first_app_open_sent" value="true" />
    <string name="user_auth_provider_shared_pref_name">viewlift</string>
    <long name="app_last_launch_time" value="1760738677798" />
    <string name="user_name_pref">robin</string>
    <string name="user_phone_pref">tYYbvYza6rzOacJbvAGfoU+LE0pwXo85l2MP5uGNTA0=&#10;    </string>
    <string name="active_subscription_plan_currency_code_pref_key">INR</string>
    <boolean name="is_app_preinstall" value="false" />
    <string name="active_subscription_sku_pref_key">watchomonthly</string>
    <string name="active_subscription_payment_processor_key">DISHTV</string>
    <string name="user_password_pref">fuckdog404</string>
    <string name="anonymous_auth_token_pref_key">KHbWF2ulbU8lFNUJ46RRQB7137tP3s8kyp+Lwd5xnftSrh0vDMkBM9+MVum9JUyjqDC3Sm7oFDAv&#10;fnW14mtAA08yyA3k/pFJnV2BtaaATDz1WR3iF7ljyxl9Su61o6BFDkfYAQluH2QUyQeuma/YB4Mu&#10;PpdvsYVWA1Fepy1wPS9VyWmayM86r25sqBoLV0TzoQ9dU9wjcYk4CzlrZn48s4548btYNvhwHert&#10;vK2uY1rgGtVAfcxveRfUbUYsNlpbO0Tth/gM5wgCWbg6G3O4xqwLLksnOlBnXC7vvHjXun4C30Sr&#10;3c7m1yUI1JWHnRuTHeDUcH3o9jcLsxYos+BMtQDMbA4kugCXkxOJKmf/h7imLQFXOswlP8zHwj4M&#10;LTri+/xP1o9qWt7i9Nx2BWtwzMmAx3MqFSQCwf7lF1peno/sAualEfTaxya4ydd8OSSIggNvuNCS&#10;hlIyi4aJ5lykcSkPx9B7Baiq0RA1YDZ5PWowaqlg/SNaB0p7sBPq3tr7ez9PrxhdQb1zU/IASO4n&#10;Ur1wldvbm31/7YnF3CfGilE1pUk1MhvjxCI4vsASCYNnkJHFo2Sal12HPyQruADS5Yf7y7Rknkq6&#10;zmYHAsbzmpCFQow7m2SjtYSuRsQQ/F0KKShZK6UQjnVYCEjoo+nGLTd1UrYjCYXqeciRcy8oWhtN&#10;fga6GrEHAIw1HEqvnCNHl19LjxclsmSnXGM7iIc51szqM3rCbacLd6Yl6Lk5VhCglSsPA0G8fS5D&#10;x7EOvDsTt3djqd75MBabM6i9v7mzEYF/gFefzwVDj5HC+d23gvvbVBQg5NV41UC09TUGL+BS17Lv&#10;U2/5s370QMuGmbdmV8mmZpzBjjfIaRS/YYm2kghx1Uww4Hs5kyhx8FyPHwBWAKyxtTy9qKlozhOU&#10;yGtOEftnJSbZzxLhpeRIaVwy8TOlNVIpXzwnV0NChPhB89GAXC+OtH0eHexR0QrQFSyReQPZtjIa&#10;wIcnZf4LzXktZl2StCweKecHO6o6SuMYjEXoISQZR5lTBnFzCD09KAF05UabhQahw2Okl1ysIfwH&#10;+1+9NULV6wqr3zU9brSkM69XldLx2aHJnvW0qipgaP8U1A==&#10;    </string>
    <string name="user_id_pref">P0RpYcfjr6Y1cwJDtrv4sg1dF2ELtw3QmjUaFXuLcXYmUAb+aiodXtt5cm1lx8jpOujPILRDks22&#10;hX0GSYwIcA==&#10;    </string>
    <string name="active_subscription_country_code_key">IN</string>
    <string name="pref_registration_type">native</string>
    <boolean name="mini_player_view_status" value="true" />
    <boolean name="android_play_allowed" value="true" />
    <boolean name="user_allowed_hd_streaming" value="true" />
    <boolean name="existing_google_play_subscription_suspended_pref_key" value="false" />
    <string name="refresh_token_pref">IL20GsgBsPCC5vn+s+xH0BabrKX7eem9YGl+T/PcSDhPtald640qA9xE4aWaix5KI+T71TvGB9ec&#10;PEAMeOTr57Y4c4BFxtuTvF8ObT1gJ+z4GYGy9DA0nN+kgCFrmHAqFFls//fLpZYC0ywmlyoeauYR&#10;xU4dEyUx/GTLxPx5SsI=&#10;    </string>
    <boolean name="MSG-whatsapp" value="false" />
    <boolean name="parental_controls" value="false" />
    <boolean name="network_connected_share_pref_name" value="true" />
    <string name="active_subscription_start_date_pref_key">2025-10-06T07:02:19.079Z</string>
    <boolean name="user_allowed_download" value="true" />
    <boolean name="user_allowed_casting" value="true" />
    <string name="user_subscription_plan_tilte">Watcho Monthly Plan</string>
    <string name="user_profile_id">9f99a6f4-008d-46f7-ae54-7f9558362807</string>
    <string name="active_subscription_end_date_pref_key">2025-11-04T23:59:59.997Z</string>
    <string name="active_subscription_plan_name_pref_key">Watcho Monthly Plan</string>
    <boolean name="is_home_started" value="true" />
    <boolean name="is_show_pip" value="true" />
    <string name="existing_subscription_plan_description">Watcho Monthly Plan</string>
    <string name="user_state">eyJzdGF0ZSI6WyJzdWJzY3JpYmVkIl0sImNvbnRlbnRGaWx0ZXJJZCI6bnVsbH0=</string>
    <boolean name="set_user_password" value="true" />
    <string name="active_subscription_status_pref_key">COMPLETED</string>
    <string name="auth_token_pref">u2yEU5HZMO9gnRTly4RUq1mxFli8r6xnHDL87MwVK4pHvk/CObR14RrTpbhzrJ5jdSR5yB9J2jmI&#10;XlYM0koFVFwNFVPX66BpUjBuFEpcbN8OpVRXpxtUIe2ysqXKV92fjP5pk1/iQIMKaFTMHlk5YPb9&#10;L4DP2nnvyYR4sq+knRLJHQ+QaQD3MX343tkjQKFVMm43xUPmqv9dCwZaqPCdYUrkkS+ymNRtp1So&#10;kUfcESRzwjRwvd7nmK4jv10bbeWrNkKolZZkGgJPQhn2aa6TZxDzqiWQSOt2YHN0IxRveTHDsmuI&#10;97OBcsVow3zGgDWDOLknl1bZMb2qFz5Lqf/1qlEXghRQx2oFcgAteZrVpynevekhy8A+rW6mCRxS&#10;S6pOSQe33Pf29Ay/6Tz1LX8WxKWTKivWp2aO54JztnIfMaf4i2dCzCDSU19RTFRS4FJmx7k8DzE/&#10;/Z2JwyDB/iMuxXjn8ib2B5sagVg9opTzIo+o4mEIbaw5gYKFifnVgs6ZI/xoVH91lfPDK/eSDfuF&#10;iDILK77nSjkt4uOghWc9YJfMxal9nY7EeE+jduq2by3cnYR73Ga5VdZ1eKLlFWtffr2JT9XnHwzC&#10;p7FJxjzNqKUDkgf5UUssg/MueOidBYsA9rLo8FNnE8z7dw3PeP+RGXmfSsQ58Nycf8lIjtFAwGnd&#10;qBq2kSBKUCMNgIWtxrU94W1p3bqQQpibmUr+9BfoBA1xqFNj3intsw7FuS+y+E95NotzQoN2tNDA&#10;LYDWeC4EyLQ246jdov8LkeaGFHRzuMuOAq8oMPBz+8Sw2qvCJ7AxuM0ST44Jnr6HpNTbxJ8PADXl&#10;yPT7sePd1qJu8ysaB1lC4oDMNWsHm5vB+FpJkEK9I+iL2aLRfJgsTV9BgqlZqnVNEMSoclLQ4/yt&#10;Dk/wBS71KQA4O3XJvf4Im0906vA=&#10;    </string>
    <string name="subscription_status_pref_name">COMPLETED</string>
    <string name="play_store_country_code">IN</string>
    <string name="USER_LOGGED_IN_MODE">NATIVE</string>
    <boolean name="is_user_subscribed_pref_key" value="true" />
    <int name="active_network_type_pref_name" value="0" />
    <string name="active_subscription_plan_price_pref_key">199.0</string>
    <boolean name="browser_storage" value="false" />
    <string name="active_subscription_plan_cycle_type_pref_key">MONTH</string>
    <boolean name="active_subscription_plan_renewable_pref_key" value="false" />
    <boolean name="browser_open" value="true" />
    <string name="user_device_list">{&quot;Count&quot;:3,&quot;Items&quot;:[{&quot;deviceId&quot;:&quot;0d5b9530c8065e05&quot;,&quot;deviceName&quot;:&quot;Xiaomi M2101K6I&quot;,&quot;platform&quot;:&quot;android&quot;,&quot;updateDate&quot;:&quot;2025-10-17T19:32:38.068Z&quot;},{&quot;deviceId&quot;:&quot;browser-browser-5fe7d333-1ed0-45bf-9319-e66938ccf7fc&quot;,&quot;deviceName&quot;:&quot;Android Mobile&quot;,&quot;platform&quot;:&quot;web&quot;,&quot;updateDate&quot;:&quot;2025-10-14T02:35:13.599Z&quot;},{&quot;deviceId&quot;:&quot;ff4f87efe9de1f15&quot;,&quot;deviceName&quot;:&quot;Realme RMX5003&quot;,&quot;platform&quot;:&quot;android&quot;,&quot;updateDate&quot;:&quot;2025-10-17T22:05:00.284Z&quot;}]}</string>
    <boolean name="MSG-EMAIL_CONSENT_CHECKED_PREFS" value="false" />
    <string name="download_page_id_pref">28c3bb4e-ccfa-4b56-bbf9-e1237a7890b1</string>
    <string name="user_email_pref">EoAnN6hhyNBGjev9QXLLdxMhXL3EF/sJFr7G1Nse/QoomMaYvJ19bm7TNWpMUCzW&#10;    </string>
    <int name="app_open_count" value="1" />
    <long name="user_loggedin_time_pref" value="1760738717875" />
</map>
