<?xml version='1.0' encoding='utf-8' standalone='yes' ?>
<map>
    <boolean name="measurement_enabled_from_api" value="true" />
    <long name="first_open_time" value="1758699867261" />
    <string name="gmp_app_id">1:525148171038:android:1518edc0290a20d1</string>
    <string name="app_instance_id">c0cdea1e46232ba71d8bb1be2a965b0d</string>
    <long name="session_id" value="1758699867" />
    <boolean name="app_backgrounded" value="false" />
    <long name="health_monitor:start" value="1758699867704" />
    <boolean name="use_service" value="true" />
    <boolean name="deferred_analytics_collection" value="false" />
    <string name="previous_os_version">11</string>
    <boolean name="measurement_enabled" value="true" />
    <boolean name="has_been_opened" value="true" />
    <boolean name="allow_remote_dynamite" value="true" />
    <long name="last_pause_time" value="1758699964850" />
    <boolean name="start_new_session" value="false" />
</map>
