<?xml version='1.0' encoding='utf-8' standalone='yes' ?>
<map>
    <boolean name="secured_analytics_queue" value="false" />
    <string name="google_referrer">{&quot;ReferrerClickTimestamp&quot;:&quot;0&quot;,&quot;InstallBeginTimestamp&quot;:&quot;0&quot;,&quot;Url&quot;:&quot;utm_source=google-play&amp;utm_medium=organic&quot;}</string>
    <boolean name="secured_google_referrer" value="false" />
    <long name="application_did_become_inactive_event_timestamp" value="1760738770" />
    <long name="application_did_become_active_event_timestamp" value="1760738677" />
    <string name="analytics_queue">{&quot;queue&quot;:[]}</string>
    <long name="first_app_open" value="1758699870409" />
</map>
