<?xml version='1.0' encoding='utf-8' standalone='yes' ?>
<map>
    <string name="ict_date:__22b455f06f05425c9d1a77f046303bd0:8W6-4W8-8R5Z">18102025</string>
    <int name="comms_mtd:8W6-4W8-8R5Z" value="0" />
    <int name="comms_first_ts:8W6-4W8-8R5Z" value="1760738703" />
    <string name="deviceId:8W6-4W8-8R5Z">__22b455f06f05425c9d1a77f046303bd0</string>
    <boolean name="NetworkInfo:8W6-4W8-8R5Z" value="true" />
    <string name="instance:8W6-4W8-8R5Z">{&quot;accountId&quot;:&quot;8W6-4W8-8R5Z&quot;,&quot;accountToken&quot;:&quot;b04-60b&quot;,&quot;analyticsOnly&quot;:false,&quot;isDefaultInstance&quot;:true,&quot;useGoogleAdId&quot;:false,&quot;disableAppLaunchedEvent&quot;:false,&quot;personalization&quot;:true,&quot;debugLevel&quot;:0,&quot;createdPostAppLaunch&quot;:false,&quot;sslPinning&quot;:false,&quot;backgroundSync&quot;:true,&quot;getEnableCustomCleverTapId&quot;:false,&quot;beta&quot;:false,&quot;allowedPushTypes&quot;:[&quot;FCM&quot;,&quot;XPS&quot;,&quot;HPS&quot;,&quot;BPS&quot;,&quot;ADM&quot;]}</string>
    <string name="ict_date:__42f3f71ed8d54dc18c93b38c70d6db90:8W6-4W8-8R5Z">18102025</string>
    <string name="comms_dmn_spiky:8W6-4W8-8R5Z">eu1-spiky.clevertap-prod.com</string>
    <int name="lastSessionId:8W6-4W8-8R5Z" value="1760738701" />
    <string name="fcm_token:8W6-4W8-8R5Z">cwC0xEb-R7-Ffk8uXai5gn:APA91bFTcIqqVLphGs3XGyl30QOCr9_chQ89COv9fsSefsbApt9WL9JWMlPC69M9Tq4V5qk-hY4cd3maf7qGyfhPGCyew6_OFMSm3auGuII_WVhg6jPZZS0</string>
    <int name="istc_inapp:__42f3f71ed8d54dc18c93b38c70d6db90:8W6-4W8-8R5Z" value="0" />
    <int name="pfjobid" value="1446625357" />
    <string name="SP_KEY_PROFILE_IDENTITIES:8W6-4W8-8R5Z">Email,Identity</string>
    <int name="sexe:8W6-4W8-8R5Z" value="1760738769" />
    <string name="comms_dmn:8W6-4W8-8R5Z">eu1.clevertap-prod.com</string>
    <string name="cachedGUIDsKey:8W6-4W8-8R5Z">{&quot;Email_oncowgun@neko2.net&quot;:&quot;__42f3f71ed8d54dc18c93b38c70d6db90&quot;,&quot;Identity_af963707-2d51-4305-9dee-e39f488e7746&quot;:&quot;__42f3f71ed8d54dc18c93b38c70d6db90&quot;,&quot;Email_popact769@boxfi.uk&quot;:&quot;__22b455f06f05425c9d1a77f046303bd0&quot;,&quot;Identity_9f99a6f4-008d-46f7-ae54-7f9558362807&quot;:&quot;__22b455f06f05425c9d1a77f046303bd0&quot;}</string>
    <int name="istc_inapp:__22b455f06f05425c9d1a77f046303bd0:8W6-4W8-8R5Z" value="0" />
    <int name="comms_last_ts:8W6-4W8-8R5Z" value="1760738719" />
</map>
