<?xml version='1.0' encoding='utf-8' standalone='yes' ?>
<map>
    <int name="istc_inapp:__54d25f85c7c9435692c171d17fab7365:8W6-4W8-8R5Z" value="0" />
    <int name="comms_mtd:8W6-4W8-8R5Z" value="0" />
    <int name="comms_first_ts:8W6-4W8-8R5Z" value="1758699874" />
    <string name="deviceId:8W6-4W8-8R5Z">__54d25f85c7c9435692c171d17fab7365</string>
    <boolean name="NetworkInfo:8W6-4W8-8R5Z" value="true" />
    <string name="instance:8W6-4W8-8R5Z">{&quot;accountId&quot;:&quot;8W6-4W8-8R5Z&quot;,&quot;accountToken&quot;:&quot;b04-60b&quot;,&quot;analyticsOnly&quot;:false,&quot;isDefaultInstance&quot;:true,&quot;useGoogleAdId&quot;:false,&quot;disableAppLaunchedEvent&quot;:false,&quot;personalization&quot;:true,&quot;debugLevel&quot;:0,&quot;createdPostAppLaunch&quot;:false,&quot;sslPinning&quot;:false,&quot;backgroundSync&quot;:true,&quot;getEnableCustomCleverTapId&quot;:false,&quot;beta&quot;:false,&quot;allowedPushTypes&quot;:[&quot;FCM&quot;,&quot;XPS&quot;,&quot;HPS&quot;,&quot;BPS&quot;,&quot;ADM&quot;]}</string>
    <string name="comms_dmn_spiky:8W6-4W8-8R5Z">eu1-spiky.clevertap-prod.com</string>
    <int name="lastSessionId:8W6-4W8-8R5Z" value="1758699952" />
    <string name="ict_date:__54d25f85c7c9435692c171d17fab7365:8W6-4W8-8R5Z">24092025</string>
    <string name="fcm_token:8W6-4W8-8R5Z">eLTZ-XwLSb-V4phcPnrm3n:APA91bFaJt5CB2zRns8V5YfJbcf-nZd9H6U5TYZN-O8N8E7npHjNVcbZ7PkOyypy-8i2wbf3Hl1U22nUnz6I2ob11ZauGhHGxgMcDIN3AN1faSG4x48T8n4</string>
    <int name="pfjobid" value="1446625357" />
    <string name="SP_KEY_PROFILE_IDENTITIES:8W6-4W8-8R5Z">Email,Identity</string>
    <string name="comms_dmn:8W6-4W8-8R5Z">eu1.clevertap-prod.com</string>
    <int name="sexe:8W6-4W8-8R5Z" value="1758699964" />
    <string name="cachedGUIDsKey:8W6-4W8-8R5Z">{&quot;Email_oncowgun@neko2.net&quot;:&quot;__54d25f85c7c9435692c171d17fab7365&quot;,&quot;Identity_af963707-2d51-4305-9dee-e39f488e7746&quot;:&quot;__54d25f85c7c9435692c171d17fab7365&quot;}</string>
    <int name="comms_last_ts:8W6-4W8-8R5Z" value="1758699964" />
</map>
