<?xml version='1.0' encoding='utf-8' standalone='yes' ?>
<map>
    <string name="user_purchases"></string>
    <string name="active_subscription_id_pref_key">15683fe4-d9cf-4989-b5ff-4ad7afc33c89</string>
    <int name="active_subscription_plan_cycle_period_multiplier_pref_key" value="3" />
    <string name="login_type">login type email</string>
    <long name="app_launch_time" value="1757601281549" />
    <string name="active_subscription_platform_pref_key">web_browser</string>
    <boolean name="adjust_event_first_app_open_sent" value="true" />
    <string name="user_auth_provider_shared_pref_name">google</string>
    <long name="app_last_launch_time" value="1757601281549" />
    <string name="user_name_pref">Joker Gaming</string>
    <string name="user_phone_pref">MJ0T44zB31JIqwQ3UObmfRn2KqsV3YOvytnYjqzUzYM=&#10;    </string>
    <string name="active_subscription_plan_currency_code_pref_key">INR</string>
    <boolean name="is_app_preinstall" value="false" />
    <string name="active_subscription_sku_pref_key">3months1stream</string>
    <string name="active_subscription_payment_processor_key">JUSPAY</string>
    <string name="user_password_pref">ripon@1992</string>
    <string name="anonymous_auth_token_pref_key">18HmC8lCmVpZnbWDWzNVbpBF1e0kWuBLTYHmE6DB1KF3cYRf4Rfd+y8NcbgpBwmPIseW6vbvKiZ3&#10;cXic/jZhbaI2AnrnkgrMBiobN92i3zvk+varBeKkB02iZD5JKRUbq6y0r7VBgEOQytYM4WXxbxVP&#10;OCd2Xt33BHSJdSEH+HGY7qLOPOu86ZP6PdCQkBd6aVhVW5qiQ9F0Y84bvPF24Qt1E91hJGYORJjP&#10;O8JK7sqFdNRwNTdCJCQCjRhJSL2ubtKt9EKTdmwQNh4zwRvyaM4EcHCJVoixn/ubOs6JaRnnHT36&#10;JsnTzTVYtXRnGV3bldfc8+kyw293HSZjrg2vo9pKOn3RMZwlmswJ84NzFf7L640BF+BGjUsZUHq2&#10;e9jsGgG/wt0PZCvCnMJp8op61+V17DgVvLIOuJ1zN+lgvtbVnlmu0Pvmi5DW8hW/SejhbjbPpwQh&#10;ifc9TnTAaPPMTnkgd7qr97vRCYZwvd0aST8Auc/0pzdbN/Nq0bnmvinjo4bIP9OjDcxupJITaRUd&#10;bneSqOHE5i9ygr6UhGNtobGmS0Lj53Te3dmJVfDe+fJXy8kBaULPxNnJSrnrfnX25NVjSQPfV3dg&#10;ItlEoAEsa1+lNoo7o1BVZ9AYMDMyAAkth9yqnhgqx1Y2p+dm01f3428fiLu9fQMj9oc4HomfCJg4&#10;5OPA+Tb8wRKKEcBy3oidmxrLlitUQRoj/f4nmyzuAWMY0i9hCQnHBA0XgsCsUx8JYUkaUICcNlWe&#10;KjnoDIoPrQKDnDfSiFnytGLo0ES5mESyKZXvqXEDARt8tobqTs/WPCxHj0IyTTIjVx3E28YINN1K&#10;3IhYLrUMpJaKddB0GoqOgmVv2ncNWQ6nvcQ7CsevVzy/kw0eJ/xBn1UvqvzqfAua97sVeNJPPDIR&#10;LHCPAChXd87IldoNYtaK8Ibhg7XCV9LbDyGLtn43GC20kpUjKJDAqXBbrX4AygQVk6wScCAzUuRn&#10;V9Nb5VWsI7oH2mgbsqLXSjJ8R5w2xMfvx3FZ3/+/MHE1fZsIxpoKDWhW2Bi21Q1RPoLS8/xLa+5H&#10;pUZNwCl5mW3M8SeE/FaU4Gx45otO4Fd9udOdY3/TyPZ/FqGTnVzDIYQiILXf3nNkJJXMo5znYZdx&#10;JZdvz0bjN0VE&#10;    </string>
    <string name="user_id_pref">dFW5jxnm6PcV9UiHF+aQqJLnVWzx25damPRAIwPPb6pvcLpgKgcy/dPtJBwIqSGVh9+GRfXVmVkm&#10;FaMzLvtpIzss4o6WD1EleHrP4SPi6xUN7uVytGep5JhN7o8lFXF2&#10;    </string>
    <string name="active_subscription_country_code_key">IN</string>
    <string name="pref_registration_type">native</string>
    <boolean name="mini_player_view_status" value="true" />
    <boolean name="android_play_allowed" value="true" />
    <boolean name="user_allowed_hd_streaming" value="true" />
    <string name="parentalrating">All</string>
    <boolean name="existing_google_play_subscription_suspended_pref_key" value="false" />
    <string name="refresh_token_pref">ihE4T6K/OZGeT5fBkoMrRb73shgU42nxD0VdGQlpcMs3YXNa8Kt+pIWRk2JpWA9D1ofHtJZPVCWB&#10;Ty709u4WG0TR8BaJnvxmOAKBtkh/pTUxFKNQ8gC/KmfPAQbmiSOTYmXsxp/VuQS4UAMxozKoIJWL&#10;MsPd583QVQzRB3RPo8Y=&#10;    </string>
    <boolean name="MSG-whatsapp" value="false" />
    <boolean name="parental_controls" value="false" />
    <boolean name="network_connected_share_pref_name" value="true" />
    <string name="active_subscription_start_date_pref_key">2025-08-05T16:48:39.499Z</string>
    <boolean name="user_allowed_download" value="true" />
    <boolean name="user_allowed_casting" value="true" />
    <string name="user_subscription_plan_tilte">3 Months</string>
    <string name="user_profile_id">13da049204136a007387b90577095d4b8685525d990a5b0b5cea1b78eca9fcb3</string>
    <string name="active_subscription_end_date_pref_key">2025-11-05T16:48:39.499Z</string>
    <string name="active_subscription_plan_name_pref_key">3 Months</string>
    <boolean name="is_home_started" value="true" />
    <boolean name="is_show_pip" value="true" />
    <string name="existing_subscription_plan_description">Rs 167/month ;&#10;1 Simultaneous Stream;&#10;Connect to 3 Devices</string>
    <string name="user_state">eyJzdGF0ZSI6WyJzdWJzY3JpYmVkIl0sImNvbnRlbnRGaWx0ZXJJZCI6bnVsbH0=</string>
    <boolean name="set_user_password" value="true" />
    <string name="active_subscription_status_pref_key">COMPLETED</string>
    <string name="auth_token_pref">+NIrnow9+9izNBGpiS/l9ZJ+sBnYJVS/4jeSUoOPdPZuBRIsouwe9NNV6/Aqt9jtPngEUTA5HhcH&#10;qelU8LABylfoPZfq+fj3+HRuiTzt1oTdi7qXePsiasWFaNxpAfjPfxeM5ZCAqRsu/mS1aWV6q0nL&#10;PcRKGRZSozMdhOHHosCL4zs1PBTmYSGGJsNBUswHubzyL507Pe73AGYU5xiBUw30gbjcGlNQ2eVP&#10;Hyp8+izfoWF4psOhUaw+nz7+ZU2YuGP0Wodo+GlqzW80Fdqm5467TNfemKtXpsc0exvBEvIUcFHg&#10;3z/VZIx3NM35wmoPyvSc6G+zmoeJAADew0jHSSvv+OPBnK3pFZdRokQ5ZhsV1P+IZ1+CZlO3rMoa&#10;0gkOz03nu4HHO/7Xlf6Bled2O0Yuojws1qZ8IxpaF2u5aPdrgFwNVz1IjxXUQ+WzJdWUGmb36bxY&#10;cvWipqUnv3RC4pQZJUuDIep+Xg+DnxGJd2Ch87TzidOtKyKXrYYSjs1saINxOXhSglp656NLbOrq&#10;p/ZDejDjflSlfxEPvFY+3fWd0r6BqxkIotMmFxYeEPZEfpENklRdLQHnTS70VOhcmIMHUo/cTnmY&#10;0ADEikvMkRKbeFlpCieisKx9wK09xO0ZiYm/mBKegRUB/i03aE5nu4mrqXMZma8+9bW0tJhFBNyJ&#10;vN9OVxsDnRFh7G/cKox/wl1GgKLuXIUt4m0YMTt0P2jgmhxovQ232VFErY5mRmcfsEf+bipvrkYQ&#10;dCtFlPVrk6fOMuDtyX4knSJJ1Phfrs4bJIU7rYXCWClHMS7iAJATr9mDfLjOapQIXhaDAf/0aU/y&#10;xjNmXUb/XTIohPUoOyVDo21BsFbse+ZafamPbKPwj+ANCXvL6CobplmR4N67nb2egWe/LJAd6k3O&#10;xOIzQzMMcJFgviJlLou+xLXRJC+cGjdfFrRBf+m1cd74QDtgEN4JlPHutNtcmsMkj0hFgFC3bAoH&#10;SuqBMhYhCa3ZHyjS/ILoLVsTC0Y4T3MqiF5lpgPdAc3qezMffeEdD2ZlGfVNQiLt3q0itd4Ik+u9&#10;lcM=&#10;    </string>
    <string name="subscription_status_pref_name">COMPLETED</string>
    <string name="play_store_country_code">IN</string>
    <string name="USER_LOGGED_IN_MODE">NATIVE</string>
    <boolean name="is_user_subscribed_pref_key" value="true" />
    <int name="active_network_type_pref_name" value="1" />
    <string name="active_subscription_plan_price_pref_key">499.0</string>
    <string name="parental_pin">1992</string>
    <boolean name="browser_storage" value="false" />
    <string name="active_subscription_plan_cycle_type_pref_key">MONTH</string>
    <boolean name="active_subscription_plan_renewable_pref_key" value="true" />
    <boolean name="browser_open" value="true" />
    <boolean name="MSG-EMAIL_CONSENT_CHECKED_PREFS" value="true" />
    <string name="download_page_id_pref">28c3bb4e-ccfa-4b56-bbf9-e1237a7890b1</string>
    <string name="user_device_list">{&quot;Count&quot;:2,&quot;Items&quot;:[{&quot;deviceId&quot;:&quot;656535b44c2d5730&quot;,&quot;deviceName&quot;:&quot;Xiaomi Redmi Note 9 Pro Max&quot;,&quot;platform&quot;:&quot;android&quot;,&quot;updateDate&quot;:&quot;2025-09-11T14:35:51.491Z&quot;},{&quot;deviceId&quot;:&quot;browser-176bc5f3-03ac-47e8-aab4-c76d07596cd3&quot;,&quot;deviceName&quot;:&quot;Android Mobile&quot;,&quot;platform&quot;:&quot;smartphone&quot;,&quot;updateDate&quot;:&quot;2025-09-11T14:14:42.237Z&quot;}]}</string>
    <string name="user_email_pref">veHA0zfMU0nP60WHY6yPORB7+5T9l2pYNqb8/peca/EqCDw53w5lpyGySKwCMsLZ&#10;    </string>
    <int name="app_open_count" value="1" />
    <long name="user_loggedin_time_pref" value="1757601381624" />
</map>
