<?xml version='1.0' encoding='utf-8' standalone='yes' ?>
<map>
    <string name="user_purchases"></string>
    <string name="active_subscription_id_pref_key">0b3f5e72-5548-4c77-b201-af9c0f8c67e3</string>
    <int name="active_subscription_plan_cycle_period_multiplier_pref_key" value="30" />
    <string name="login_type">login type email</string>
    <long name="app_launch_time" value="1758431449626" />
    <string name="active_subscription_platform_pref_key">web_browser</string>
    <boolean name="adjust_event_first_app_open_sent" value="true" />
    <string name="user_auth_provider_shared_pref_name">viewlift</string>
    <long name="app_last_launch_time" value="1758431357052" />
    <string name="user_name_pref">Ashadul Amin</string>
    <string name="user_phone_pref">VFEe8jy3YnR8GDXzCw8Nw7KpMyMgx4SUTLjFGx42h/I=&#10;    </string>
    <string name="active_subscription_plan_currency_code_pref_key">BDT</string>
    <boolean name="is_app_preinstall" value="false" />
    <string name="active_subscription_sku_pref_key">GPAPI30DAYS</string>
    <string name="active_subscription_payment_processor_key">GP</string>
    <string name="user_password_pref">thunderstrom006</string>
    <string name="anonymous_auth_token_pref_key">8qCY5nsPveEemhr+Lv4L1BcR5maUE8KBDAyBdES/Y0i3/eg21oyLQ5HZX8jAAySkR9DcJAN3G5rC&#10;RCjBypaRWhqyLSy36x867yhr2h7/BQpx3pUTnxNLt5KdSFD9YhTKxvu/SY9Kl2qrmdt6ibZ/qCV4&#10;Twjc7u92R7m9RJmyANqpeHgzlPnZddIwfI3rE9trFclN6Ofg7FYrRQkrf7nOSC+N9CdcqbY8eF2e&#10;MgARXwbzN2EiUiuCvoe77wm1LiTr9PSVSbRXWn8UHOPnmiE8sUB/1HcCr/wTIEjs4eXCbgl6SzS+&#10;Lkj85V/Yr9hjUwvWZMnX8h+5vinr7LtHi/GNhEClsLMnDGzDtP9w9g5cQJ+iwD1jzBpScUzhxWZ4&#10;7YQnb9bESMp7vwjcpeWY4Re5KXCqu3JdcIBRnLIiu7QjtOmwpz7Crpck7iSsKBXxOw6D/Skdc29g&#10;TmPc9CSBbZLrsg1O6G+NaeOcf4kJzKEG1IT7umuFgm1FKRR4Etk+GUPK6GyanEeQ2jGmryoB92I7&#10;Rp9O3mOj/dvcAdhn7RsrTM66d8AhRj8IjtQjpilBwA6bAcrLzb8Y2iZFSwNjRzGe70LSfvZQWiGI&#10;kUhWD+oDMXeQDOkMjfqzZtV2BRdg0u8+/F90i8D0Omfz8f4a204CINzWM1Z89hji3bO5/kUMZm2K&#10;gCxqlMDRVEY+8Rdd9VB0eZUoAUJWrI7IHbdQ1FJpP0qWYQlMHliD8bmueZbifvYFXCX8yUwz37YM&#10;JAjLAnuMzuYuhOB7TuDldgXO0QO+CDZSl5Do/3LjhujPBTGVRumyz0wnY/LPgJONZ3KRWv5zY8ed&#10;4hHAbTCN4bJVVw8sxaCCeRUWQ9jd36D/8A8f1cGsK5MSTq7zHCkrJBYHsbt65yBCn6aSRL42qADS&#10;owtTIxKX/KcoPlga0FW3Lrvkih3246i7+J/DNyZPWAvFaNd1DsTTjeLm8NEI3fmjIbeMtuLEl2jx&#10;IKFTcaand8HuF6svGlvSYUahDY586WgaspR42Unwh5dJFzpx0naT3SE97frOIz+4zXjA6f4cTZd1&#10;nh+kcUhRHLSwOdOgB+cqLmqMfY8J4gHg3BM9MAHZL2LewhC8yIerqlQxiMaTbw63eK2J2CEQ3TRl&#10;1N6X+yrXKYA/&#10;    </string>
    <string name="user_id_pref">j2VK72SELAe/gZv864N6yBAkxxZbtu7ONJ4W9bYRmOTDY/4pFAwweVc3/j1BdlajuOI/k8dgfcIg&#10;u8z5kGGpPDrqwsXfF1iMRHw+70/flxWnMElT6eVbywdny9MUTUwx&#10;    </string>
    <string name="active_subscription_country_code_key">BD</string>
    <string name="pref_registration_type">native</string>
    <boolean name="mini_player_view_status" value="true" />
    <boolean name="existing_google_play_subscription_suspended_pref_key" value="false" />
    <string name="refresh_token_pref">ssLaK32PCRq39MebhSp+RRBYLMTXF/tgjcs+0HrYf3MoL9GyB067UklIgQ/4sxHvirFtRsGdaUbM&#10;GNFat1O5USf2LUug+Zrk3xl3WWZXktHSVToYKMXOXGIQmsUTTgYZoF2/SVZ01IiR3Xeyg0T04ye4&#10;Ie+jkuXw83BecJDD8iM=&#10;    </string>
    <boolean name="MSG-whatsapp" value="false" />
    <boolean name="parental_controls" value="false" />
    <boolean name="network_connected_share_pref_name" value="true" />
    <string name="active_subscription_start_date_pref_key">2025-09-06T04:24:53.707Z</string>
    <string name="user_subscription_plan_tilte">Grameen API 30 DAYS</string>
    <string name="user_profile_id">8bddcb8aab59dcdefff2f4e6c3061d19d8a6fc4b7777d730d531586ad156ef67</string>
    <string name="active_subscription_end_date_pref_key">2025-10-06T04:24:53.707Z</string>
    <string name="active_subscription_plan_name_pref_key">Grameen API 30 DAYS</string>
    <boolean name="is_home_started" value="true" />
    <boolean name="is_show_pip" value="true" />
    <string name="existing_subscription_plan_description">NA</string>
    <string name="user_state">eyJzdGF0ZSI6WyJzdWJzY3JpYmVkIl0sImNvbnRlbnRGaWx0ZXJJZCI6bnVsbH0=</string>
    <boolean name="set_user_password" value="true" />
    <string name="active_subscription_status_pref_key">COMPLETED</string>
    <string name="auth_token_pref">hZVSAQeCsiu+tiLVDGg3yB2tq/nwH+GggK9sRTBdUKHcInfNyRkhsf9VKBHBUCBh1vZS4zbbzPl6&#10;Cy/vseeoma+PLkXy1FPZI1Sg9MS1npXcYLe5QpePIXKMCLllK3a+cH7nRuLOSVsbvvK2A4LBoE6N&#10;TGIVTOyTct99OdFG7Xc2xg6YO8BDWqpJSjXdv+XChF5ybf3tdQ/Tq7q4eoPONSu4BXjn5UWDDwfU&#10;2WRo0Wgsy2uwMHEVVHw/ip0D52K++k/sGZNuekoyELwZDnCL+Jl21YkgH09+stdRClYQ49zQ7fOA&#10;j7+Zy8xW36JPHWnGcRVJrApE7914rmKG+F81RuJYiqe+KFFCb9Y47TFM7x3pNA9ROIyGcdHcvtAu&#10;ObSR24tCgOBPJYyhkbH7q7J8LcFM2Wo4ZzznvHA6goQJT+9bQnnI5DGRxxRebacLE+wR9bmP3LFT&#10;7uXShGuhDzoIdidhN8koB0Qlf/7UeK4RoOV6c72ugOGUs7LOTytBST1YXgUjW0S0/iJGsj2/1/Wd&#10;yTwrCqbv8Wx/hiari8DmAqvx3AvQs9DF9o2zHCxaISNuwwH9S0X/P/EtjGHczya5tJzldSkWBDO4&#10;51Sw5QMqntmCERIn7I2CCTjg7l/FgLmfMe920AMgXnxkGCqMt7UxdWhKjzrk6MVSSIAxeWLFD0Yn&#10;GWBsIsiIBfOrAzmnD82FxTeoutc+S9G8S5PBlzWOOm4Ltkcba9+c1vqcJXf8b3iA1UbbVtyqvKds&#10;0Kr/jWFhD/R8dhBHaDeO85KZ8XLh+3+c6qi1qXhqcu7nNH8wfbQuzb7bWn+3nSUDohraMvvjLrm/&#10;A9zwAVcI2REt8G3RCX2ZAVCbUk3Ojm1jQCLgR8JZhAttq2R2MzUPBln53BQ0pX+ApAdW8E2Rsg+Q&#10;wRTuyWtcHuMPza/HSShl0uDqeBVx7BF7847tPgGA6jQy2rpus3N/NXm68feF/eaPAdozKxoCJ/sn&#10;u1LJVhl2p0YZt/Ftwq7O/Vudjs9gPasrszqNBpq1DIBct8DFnISA1kX9Xg==&#10;    </string>
    <string name="subscription_status_pref_name">COMPLETED</string>
    <string name="play_store_country_code">IN</string>
    <string name="USER_LOGGED_IN_MODE">NATIVE</string>
    <boolean name="is_user_subscribed_pref_key" value="true" />
    <int name="active_network_type_pref_name" value="0" />
    <string name="active_subscription_plan_price_pref_key">30.0</string>
    <boolean name="browser_storage" value="false" />
    <string name="active_subscription_plan_cycle_type_pref_key">DAY</string>
    <boolean name="browser_open" value="true" />
    <string name="user_device_list">{&quot;Count&quot;:3,&quot;Items&quot;:[{&quot;deviceId&quot;:&quot;YVfr3MVcB2Rl0uLoRsHq5&quot;,&quot;deviceName&quot;:&quot;SAMSUNG&quot;,&quot;platform&quot;:&quot;SAMSUNG&quot;,&quot;updateDate&quot;:&quot;2025-09-14T17:27:16.177Z&quot;},{&quot;deviceId&quot;:&quot;656535b44c2d5730&quot;,&quot;deviceName&quot;:&quot;Xiaomi Redmi Note 9 Pro Max&quot;,&quot;platform&quot;:&quot;android&quot;,&quot;updateDate&quot;:&quot;2025-09-21T05:09:55.477Z&quot;},{&quot;deviceId&quot;:&quot;browser-ead01117-65ea-4e4d-b2d3-39cfd764fb89&quot;,&quot;deviceName&quot;:&quot;Android Mobile&quot;,&quot;platform&quot;:&quot;smartphone&quot;,&quot;updateDate&quot;:&quot;2025-09-21T04:54:25.692Z&quot;}]}</string>
    <boolean name="MSG-EMAIL_CONSENT_CHECKED_PREFS" value="true" />
    <string name="download_page_id_pref">28c3bb4e-ccfa-4b56-bbf9-e1237a7890b1</string>
    <string name="user_email_pref">DyEaaH1yROZcnfE5gXjlxh2FQ9ff+dIYsSZ1ttYwfsxIWy74CmlyiGTtDvnO/FGf&#10;    </string>
    <int name="app_open_count" value="3" />
    <long name="user_loggedin_time_pref" value="1758431450887" />
</map>
