<?xml version='1.0' encoding='utf-8' standalone='yes' ?>
<map>
    <string name="user_purchases"></string>
    <string name="active_subscription_id_pref_key">0700cec9-170e-4f08-bc5f-5e84f31ea6e1</string>
    <int name="active_subscription_plan_cycle_period_multiplier_pref_key" value="1" />
    <boolean name="playing_offline_video_pref_name" value="false" />
    <string name="login_type">login type otp</string>
    <long name="app_launch_time" value="1756834812482" />
    <string name="active_subscription_platform_pref_key">jio_stb</string>
    <boolean name="adjust_event_first_app_open_sent" value="true" />
    <string name="user_auth_provider_shared_pref_name">viewlift</string>
    <long name="app_last_launch_time" value="1756831253568" />
    <string name="user_phone_pref">IAyT+NIRsDI8Rt/BJUGocLshGB/BH4faCoaiTdo02X0=&#10;    </string>
    <string name="active_subscription_plan_currency_code_pref_key">INR</string>
    <boolean name="is_app_preinstall" value="false" />
    <string name="active_subscription_sku_pref_key">jiostb1month</string>
    <string name="active_subscription_payment_processor_key">JIO</string>
    <string name="anonymous_auth_token_pref_key">M8dYCoov6SffEm/VBMJIhCcY0WVsq6z+UEUp0Po41eioKGkLDSNJIN/6ezcTijUD3KLHhAwxNv0V&#10;eeimGCQtuu84x2v438/VwmfsxPe5tQdnGB1Bungi21ESxnCU4oQIFY4Zt421562XJCMHet5y1ZFD&#10;Wl5ZrkfL8T9/Kxc8qXt4tX7UYrUHtdNIf9D+Oq4AbARPxYVrnlZ5RaQ/nvMN/CERlJ/ACP4HG1ww&#10;pdnoSdXFYxDeJXEHX1Y6rNS7gnLUVYtRapg0oEjwr43ZRapyUK26eQ8c8BvlOdM0RnWwjS3fAmF0&#10;y1ucIsRYQ9l2MBOnDMFVd2wU1dfbW5Y1meZpWFmXXNROn8us04Jq4Bk1w0Gc7qV7bdU/YAaw8O8E&#10;Ge8uOFrBTw925smhNVJNA2IQ7gqtWoTyBhyGrAM8AYEP1c4iUFQI23i/qaxcIS5KAtHrZ/DtwjwY&#10;cKmRhE1ZhSedf4ZHA6Z5OTJMMA5hdK7P8SALfxHrNU3AhwQlMZsdgzzU/z206GEflYKDisBQFK3E&#10;jNfxvhs46r/x1rxe82dLJENhwXjCyFSZ090UsOZx04LIJJI1kHHYQSUlnHriRhoLpClBgWaGJJAt&#10;CvVSEvKsB+ERFQebt8di1AI9iaVWUkiViv6Z1PUD8swNjmGckbgd2+rdsjAV62GY45W5VgdbSmvH&#10;gvOA5aQZR0w9Gv6PvBgg/x3NfuG/VSYJr/x39Y92n3x6wDEivjh1KR01llB4jvwDYstVS6eu2ZHt&#10;IfbnpUUR7USchf8qw9iMLQVBZCRkkM+ZDQhdIojR8VjZwevNHOUmAxMNYQoIS1Ynum23EcsQyuZD&#10;I9oh/kt0/6b85Qu8BBIB9pMPDNLBBKP/vvUC0C13iXV0GBIm5TkUI+eeZHUos0+XHYxV8PzwMg5D&#10;5oQFISYK15BuqVh9q11UjXIqXLHkzZ/5TfPgcrz9x0sktYQvS3++SJeMPrQJXZQKhPV18O1Mr77/&#10;PQCw1hRQubswUuw1t/SPFvzilN82bj1BDHP39i9QgE8DnONgmARk+iYtU9VritFF4UH3llrveIDz&#10;vYs=&#10;    </string>
    <string name="user_id_pref">sg69paPFVJP1hbC7y/X1hOfz+QQ9QrPWnRpt8F3LNg0LSAwNvFkLScNmBpaoFgL/9Aqb/iIl/XpE&#10;RQUrpiu7FQ==&#10;    </string>
    <string name="active_subscription_country_code_key">IN</string>
    <boolean name="mini_player_view_status" value="true" />
    <boolean name="android_play_allowed" value="true" />
    <boolean name="user_allowed_hd_streaming" value="true" />
    <boolean name="existing_google_play_subscription_suspended_pref_key" value="false" />
    <string name="refresh_token_pref">4eKLgPIZ35ycGhiQYtrCZLTY1BBuINcyoiC/uaTEp4zCBUnVPdV9PfQMyr0UlNQnBUKQ93EMR6I3&#10;9GmYzkCaHNfsE0NXTd8J7ALCFotQy7SdXpXRWV0UqXr+iAcKQO+X0A2xmSFlm3ybKJSxyff1lFjC&#10;BSoVL/f04gpTIn2ksoc=&#10;    </string>
    <boolean name="MSG-whatsapp" value="false" />
    <boolean name="parental_controls" value="false" />
    <boolean name="network_connected_share_pref_name" value="true" />
    <string name="active_subscription_start_date_pref_key">2025-08-21T00:00:00.000Z</string>
    <boolean name="user_allowed_download" value="true" />
    <boolean name="user_allowed_casting" value="true" />
    <boolean name="adjust_event_engaged_user_sent" value="true" />
    <string name="user_subscription_plan_tilte">Jio stb 1 month</string>
    <string name="user_profile_id">3e36c874-ada9-4f48-b3f2-bb344fbb7fff</string>
    <string name="active_subscription_end_date_pref_key">2025-09-22T15:59:59.000Z</string>
    <string name="active_subscription_plan_name_pref_key">Jio stb 1 month</string>
    <boolean name="is_home_started" value="true" />
    <boolean name="is_show_pip" value="true" />
    <string name="existing_subscription_plan_description">one month plan for jio stb users</string>
    <int name="video_watch_count" value="1" />
    <string name="user_state">eyJzdGF0ZSI6WyJzdWJzY3JpYmVkIl0sImNvbnRlbnRGaWx0ZXJJZCI6bnVsbH0=</string>
    <boolean name="set_user_password" value="false" />
    <string name="active_subscription_status_pref_key">COMPLETED</string>
    <string name="auth_token_pref">UBPYbUKj0sv1ujWLXS0n3NnMAkmP9AvwxOgfJT1YnhNWA5EFyvLA0FAyzCWzmtpu4I6PhUC/TlCW&#10;3/zmBeTLBEjYuXA7oLtCKXrwoyflg5fnybFOuRiXGsU3rOxPvmgXspd2svkC3kp5TbW2dfNyNdEK&#10;w0AnQBBHWUvyAeRypwRPoADT7J5HEajjILQf1r9Ei5F5zanF7z3HMVY6TndshDyMZmqibn8LFDpf&#10;gNXclS89S3i/VxvGiCuMpRFX9dm+4836pN311mHQiLlcY6BmKsWODIHZ53CQYaPoUbHEHYuTZxpA&#10;3YVfBgEwUHizrk0B+OKJA58drqyuiApFRtobyM2i+yaj7bYszqTCECeLvHIW30Y5Ijk0ZTfkM6tj&#10;+k1TcHbF8Fqw+DD1Pd9sB3gSg8OqZw2HElJfCZG9UyUgLgl4UbPKRrKqrNTxyoXg9U0S9fZK7w48&#10;cZRLx8M3iT5mVAEQpjSas9bBdsxskanu1G+XgkYTsc5hnX+MTs9d+KvLWAyyXyTlIBDp8ywZd9cu&#10;Q8YFT0DZw13wlkDyEB62SLZ//fkoaagGjcM88lbBoRCUhCkucBRHKpvi1Z+ma9AB6E00IQyMV/mz&#10;TBhM+8kSRf8r1C5KI22ZHEYZhK7NlWyVO4GLvSRuRXGn6t7VZInAAkh1N4kI5Jy/bJvMKGkuhv3A&#10;S4O52l9MMkgImkyF7Ez5nbSu1zf9sfbrAOzumRe44qqBzrIFSCSlSPasSScQEkyVqG2bdZlqRVbt&#10;uDr0O9+ieyqexQKay/bhvGnyxOiZAWbHJqTjEWexZFF6cJCLFf1F/vRepjhJssHcLJIa5/h1w1F+&#10;vEF0hRpoHyf2k9tLYzo3PR3hOXcdSNWroPxvxV+Bn+NOwRbHK/2qIzgOiQIDCp9hxIz/Z46hazJo&#10;CVng5Ee2o8CQFs3aJ36HkNvRx2ptckXUwLMw73GiOkfvudAO&#10;    </string>
    <string name="subscription_status_pref_name">COMPLETED</string>
    <string name="play_store_country_code">IN</string>
    <boolean name="is_user_subscribed_pref_key" value="true" />
    <int name="active_network_type_pref_name" value="0" />
    <string name="active_subscription_plan_price_pref_key">199.0</string>
    <boolean name="adjust_event_first_watched" value="true" />
    <boolean name="browser_storage" value="false" />
    <string name="active_subscription_plan_cycle_type_pref_key">MONTH</string>
    <boolean name="active_subscription_plan_renewable_pref_key" value="false" />
    <boolean name="browser_open" value="true" />
    <boolean name="MSG-EMAIL_CONSENT_CHECKED_PREFS" value="false" />
    <string name="download_page_id_pref">28c3bb4e-ccfa-4b56-bbf9-e1237a7890b1</string>
    <string name="user_device_list">{&quot;Count&quot;:3,&quot;Items&quot;:[{&quot;deviceId&quot;:&quot;1afb7c0f13bc96d5&quot;,&quot;deviceName&quot;:&quot;Samsung SM-A235F&quot;,&quot;platform&quot;:&quot;android&quot;,&quot;updateDate&quot;:&quot;2025-09-02T17:01:46.525Z&quot;},{&quot;deviceId&quot;:&quot;5f150ca5dfa7d386&quot;,&quot;deviceName&quot;:&quot;Samsung SM-A235F&quot;,&quot;platform&quot;:&quot;android&quot;,&quot;updateDate&quot;:&quot;2025-09-02T16:49:23.373Z&quot;},{&quot;deviceId&quot;:&quot;ff4f87efe9de1f15&quot;,&quot;deviceName&quot;:&quot;Realme RMX5003&quot;,&quot;platform&quot;:&quot;android&quot;,&quot;updateDate&quot;:&quot;2025-09-02T16:39:22.260Z&quot;}]}</string>
    <string name="user_email_pref">QLKaCMnBifH09Leq15bS+YopaedKcXcSPcePAdn7oAM=&#10;    </string>
    <int name="app_open_count" value="8" />
    <long name="user_loggedin_time_pref" value="1756834653959" />
</map>
