<?xml version='1.0' encoding='utf-8' standalone='yes' ?>
<map>
    <string name="user_purchases"></string>
    <string name="active_subscription_id_pref_key">0700cec9-170e-4f08-bc5f-5e84f31ea6e1</string>
    <int name="active_subscription_plan_cycle_period_multiplier_pref_key" value="1" />
    <boolean name="playing_offline_video_pref_name" value="false" />
    <string name="login_type">login type email</string>
    <long name="app_launch_time" value="1760739252292" />
    <string name="last_play_song_details">{&quot;a&quot;:&quot;&quot;,&quot;b&quot;:0}</string>
    <string name="active_subscription_platform_pref_key">jio_stb</string>
    <boolean name="adjust_event_first_app_open_sent" value="true" />
    <string name="user_auth_provider_shared_pref_name">viewlift</string>
    <long name="app_last_launch_time" value="1758696976846" />
    <string name="user_name_pref">Yamin Dev</string>
    <string name="user_phone_pref">EcQWaLSC8CvNEGYyWJcvA0lBylay9mjbClMf50FtVlM=&#10;    </string>
    <string name="active_subscription_plan_currency_code_pref_key">INR</string>
    <boolean name="is_app_preinstall" value="false" />
    <string name="active_subscription_sku_pref_key">jiostb1month</string>
    <string name="active_subscription_payment_processor_key">JIO</string>
    <boolean name="personalization_screen_shown" value="false" />
    <string name="user_password_pref">leacher123</string>
    <string name="anonymous_auth_token_pref_key">0xlVpTTZWS0sr59AU4BLdJTrhkxNNJKSGsFwmgC9sUaG6ndG727bpvYwG2PFD3MGNe9r2NI0CDfp&#10;Pr3DDCG1cNlMpBmpFv+IliE9WfTfGc91N+gajxq9HTQzrwjTvIZfNFx3K0P5oj6NTLl+9I0xgFXz&#10;MdwnXNp/qE5OE1Ba/OCgGc8ulea6DHV2bUdKG9I7FB0/N/jMfe9IzYP4Y+rrZKy1GdFXZ+kYuNhw&#10;4+Fg0ADYeHp0KjklsDaUJkLoLhe1E1d6Edw25PFIhYYvs9P6UByBUkPKSeBmNgcqSDnJIxrEbt6x&#10;XcTPZ9aSgrW21aZTkNjYaqAs+qV2stg/kwtyqwKOJgvW85i8xS8p9wVfz36avn8oHGtpnGeLyOfh&#10;cmJmUufgb3jlDZCNETzfk11BsPZgGUiwcUOxNRt40YOxkHGxB+eQhdPdkuzFlXT1dTHp7YA1Eij/&#10;4JoFd95Pb6gdSzT7JK36xHg1xoPwgXEeId9NBM1qjt+kDoR4RoE8GpVtwqZ8ocxR5f/BZVbLkFE8&#10;IdPkiZ1Hrh7tjYSv6SFM0I3iJdJxU64bIw355tsB6rgboif9DrfpNx8ekdycL78nZk4IuGRxWO+s&#10;E9QZYgichI2mpVT66TcVCUtn7SbvpTUb9Gl5aOLg6Da/8LkktrwzQ1klPvLZDJP32SXsSiA9XVl7&#10;k9YR5tgvFXLtKyx7eP2QydNsHyYVudNrTLFpum3Fqx5ZW8ed+dHQMD9u2Hxekd0+sYtjm5icSy+P&#10;+ZqDw0FaDd7N3P9lhqIDZS61DrxPoVsZt10IKwpsTz+zXtOrmj6Bd4D0YZ5ZhGuHw7W686u+s+sI&#10;DEND2+3BB9M/H3jJQCvBfCJPBotHtD/AGmeKnu2VlamIqT/UT4p3BikPkchRRfa5XCBUzYM0lkWT&#10;VOGA/nkX2aPMsohA7hBvrLjzTF+YU3PoVH60/AxSRLoY0N/ur+qka6l2p/ksoEIYPrM4Lm+3sm8p&#10;J1KCIMJ3WTTRkzvYe1eqt2DG4Uvupq4F7Q2zBIaTksDRRN1Pk19hcM5IapTLCNct9Xt8vEtrEyiB&#10;dCRP2GUo/Dj4cVCiy7T8OHA3Emgv8qqvQ4a1RM+SGcuKeQ==&#10;    </string>
    <string name="user_id_pref">GzzZjudY46lF3sieFdzCUUvFhW4QOq7VILjNIUOasXt8hu8I0t11OrrSnQhJRMD1vIYBc/tonFgx&#10;4qz9ryM2GA==&#10;    </string>
    <string name="active_subscription_country_code_key">IN</string>
    <string name="pref_registration_type">native</string>
    <boolean name="mini_player_view_status" value="true" />
    <boolean name="android_play_allowed" value="true" />
    <boolean name="user_allowed_hd_streaming" value="true" />
    <boolean name="existing_google_play_subscription_suspended_pref_key" value="false" />
    <boolean name="MSG-whatsapp" value="false" />
    <string name="refresh_token_pref">O2IJkqTxf3xF8p9sLEqYNt+5nwafCb5IsYSK9aiI2ag9laEHGFNrVxJNSd5isDrrd12Nu9Kv4r2t&#10;qUUY3F77YuwU+y1weRJtNX1IxS5rS1GPIouum4Gmrd4eunfknFvjogL8bMajw7x0/n1F1waLSE1I&#10;DdXK9ZhoE05qJU7vL+E=&#10;    </string>
    <boolean name="parental_controls" value="false" />
    <boolean name="bio_metric_pin" value="false" />
    <boolean name="network_connected_share_pref_name" value="true" />
    <string name="active_subscription_start_date_pref_key">2025-09-21T00:00:00.000Z</string>
    <boolean name="user_allowed_download" value="true" />
    <boolean name="user_allowed_casting" value="true" />
    <boolean name="adjust_event_engaged_user_sent" value="true" />
    <string name="user_subscription_plan_tilte">Jio stb 1 month</string>
    <string name="user_profile_id">af963707-2d51-4305-9dee-e39f488e7746</string>
    <string name="active_subscription_end_date_pref_key">2025-10-22T15:59:59.000Z</string>
    <string name="active_subscription_plan_name_pref_key">Jio stb 1 month</string>
    <boolean name="is_home_started" value="true" />
    <boolean name="tve_user_logged_in" value="false" />
    <boolean name="is_show_pip" value="true" />
    <int name="video_watch_count" value="1" />
    <string name="existing_subscription_plan_description">one month plan for jio stb users</string>
    <string name="user_state">eyJzdGF0ZSI6WyJzdWJzY3JpYmVkIl0sImNvbnRlbnRGaWx0ZXJJZCI6bnVsbH0=</string>
    <boolean name="set_user_password" value="true" />
    <string name="active_subscription_status_pref_key">COMPLETED</string>
    <string name="auth_token_pref">/vJqCiwFYhFVuKchYL91T0rhB92BVnKIt709c2AH4JqpXIwnVCjprDuSOvK7krYf2ebRDgW8qUFe&#10;AJw3FgrkQvOn/OTIoXXKdz4/NIc9JOU8jdlwiR/Ib5Y6KwjoNrQ9IsfvEFH57HdbM+Fd/N2bLOFQ&#10;+yObOyavP9MlwsTRj7cTQYb+tvF1puf5wInqM1QWSdkRCdFr7lkg762+T29yGlHCcd/sKDbdVfQj&#10;z2aKGkvahtd1/uSnhCL5vbPBbVjWWO+a2Jd0HFO/bat1bsMawhs+Wiz/QexzhVDz6VPF0XczcS3w&#10;1uuzgU92LoL8xshmFgBkiO3yZ2GVFGHSyBi6B5b7nyYsED8R0+bkLuxQrDxIRmYIc2jbM7WEZiMj&#10;dzX2FA2mcP/Sm0lwAxXeuuJR0VDNu9u820/FArqHHfXF3Pj2EmvO1HGcrsbkU8fVQzB6JFK/sUze&#10;bBHcWdT3orE9hyH/i371jvbkAUzoKCadwiSVApSVXbfAYMMYINi84TWpHhEvHCiTrEDswETyMemj&#10;Jlh0ax/aY+zrFGx3+hf5zB9rFDQ4wlJHyulIWkgT0nTatnQUAbwSgHLlzMaSZFoOr1DWjO8oBqRe&#10;tS2+gypvDefvkwFX1NQtLXa5zWvyraGKGaLiIvT75u38hGuxc/kfzkyya+agKYVFpUkzhiX7xMTL&#10;ecoJGpEUkTf75ou4WjMlLPe52LwFwQZuwZCTd4PMqEtyrRskncUfj1XWxjM65wyfTElJdeniCv/Q&#10;EURAVeG4XWL1X3NvW2HmGn1a1KxfygPwNzLreCLNA4BU++ZzqSTKF3fue5Uc9cDX0rYAk4M7GoVw&#10;o8yr+I9RnG4QbMjr8KuhK7b3WIBR3o7LPaJtrqKjdxozsaZJcm+Mg/FCYSfzuRwTD5uhel2MZCkd&#10;AxcxQDKl1nwgnC5d2nWqFcgFlNw=&#10;    </string>
    <string name="subscription_status_pref_name">COMPLETED</string>
    <string name="play_store_country_code">IN</string>
    <string name="USER_LOGGED_IN_MODE">NATIVE</string>
    <boolean name="is_user_subscribed_pref_key" value="true" />
    <int name="active_network_type_pref_name" value="0" />
    <string name="active_subscription_plan_price_pref_key">199.0</string>
    <boolean name="adjust_event_first_watched" value="true" />
    <long name="user_free_play_time_pref_name" value="0" />
    <boolean name="browser_storage" value="false" />
    <boolean name="active_subscription_plan_renewable_pref_key" value="false" />
    <string name="active_subscription_plan_cycle_type_pref_key">MONTH</string>
    <boolean name="browser_open" value="true" />
    <boolean name="MSG-EMAIL_CONSENT_CHECKED_PREFS" value="true" />
    <string name="user_device_list">{&quot;Count&quot;:5,&quot;Items&quot;:[{&quot;deviceId&quot;:&quot;a1f133b5bb2a0cb9&quot;,&quot;deviceName&quot;:&quot;RMX5030&quot;,&quot;platform&quot;:&quot;android&quot;,&quot;updateDate&quot;:&quot;2025-10-17T02:39:46.252Z&quot;},{&quot;deviceId&quot;:&quot;656535b44c2d5730&quot;,&quot;deviceName&quot;:&quot;Xiaomi Redmi Note 9 Pro Max&quot;,&quot;platform&quot;:&quot;android&quot;,&quot;updateDate&quot;:&quot;2025-09-24T07:45:19.456Z&quot;},{&quot;deviceId&quot;:&quot;0435b2b5daf47b60&quot;,&quot;deviceName&quot;:&quot;Xiaomi 21091116AI&quot;,&quot;platform&quot;:&quot;android&quot;,&quot;updateDate&quot;:&quot;2025-06-18T14:14:53.642Z&quot;},{&quot;deviceId&quot;:&quot;ff4f87efe9de1f15&quot;,&quot;deviceName&quot;:&quot;Realme RMX5003&quot;,&quot;platform&quot;:&quot;android&quot;,&quot;updateDate&quot;:&quot;2025-10-17T22:14:28.856Z&quot;},{&quot;deviceId&quot;:&quot;e78df7ea60edcdff&quot;,&quot;deviceName&quot;:&quot;JMSB200A&quot;,&quot;platform&quot;:&quot;android_tv&quot;,&quot;updateDate&quot;:&quot;2025-10-17T02:14:23.516Z&quot;}]}</string>
    <string name="download_page_id_pref">28c3bb4e-ccfa-4b56-bbf9-e1237a7890b1</string>
    <string name="user_email_pref">7T2+WFGsRIIHyRg09IzKCP6oQ4wu7z9APYpaOqoq3Rs6VyF0LeHGUbyQnO5U1bTz&#10;    </string>
    <int name="app_open_count" value="3" />
    <long name="user_loggedin_time_pref" value="1760739275567" />
</map>
