<?xml version='1.0' encoding='utf-8' standalone='yes' ?>
<map>
    <string name="user_purchases"></string>
    <string name="active_subscription_id_pref_key">497a5343-1afb-4a7c-bda6-3421a440de0f</string>
    <int name="active_subscription_plan_cycle_period_multiplier_pref_key" value="1" />
    <boolean name="playing_offline_video_pref_name" value="false" />
    <string name="login_type">login type email</string>
    <long name="app_launch_time" value="1758696976846" />
    <string name="active_subscription_platform_pref_key">web_browser</string>
    <boolean name="adjust_event_first_app_open_sent" value="true" />
    <string name="user_auth_provider_shared_pref_name">viewlift</string>
    <long name="app_last_launch_time" value="1758696976846" />
    <string name="user_name_pref">Yamin Dev</string>
    <string name="user_phone_pref">cTQDKAmv+g8ZNCbJfV6RzAj8c0gFqQHKw5J++gXHnMc=&#10;    </string>
    <string name="active_subscription_plan_currency_code_pref_key">INR</string>
    <boolean name="is_app_preinstall" value="false" />
    <string name="active_subscription_sku_pref_key">2streams1year_june22</string>
    <string name="active_subscription_payment_processor_key">JusPay</string>
    <string name="user_password_pref">leacher123</string>
    <string name="anonymous_auth_token_pref_key">Gj+77AeEUJAYNnXfLSnBuOvzx8ZrpCFHESrOmSQXm5ot7bqlwViyNCnUIUjiMCnQlmsiuxtqveBB&#10;1Fw2rwbodgsPusBspne51dIb7jbPiAAGvdqjSt0mpk9ldB0/PzEiXqlImDxCq6+9A2t0XJYuCR+e&#10;laJMtq8O0GEKMXVIlYu6zClS/Q+81SYgf/CEH4varl9B2Wri9i8JDeAiGOws98kjuvRz9KUV2ks3&#10;Tm4IdA29y1DohxNX+izknGPDqNaHkhBbVlLgixupRMwQw45rRqDyKsTYEp74lCO5ZoCms1hZDT+A&#10;9r2RJaqj+JO/BVOmW3pgmDmXxLg+wGF/A+JRZgLeEdR/OV3Ezs/DtOB872/l4uzCN9FUYwPltTnn&#10;bxSLNZoeiJLvkOo5GY3TksI9pEQOS7xZZYbzGk99dkqYtIC4NWEwF1REvMGfRFIKamIc4KoXrOWm&#10;0EcQT3lvApW1zUjYfxDQUWHcGycTM9ezq5dCoz1nh/K2OlPKN+4Yn33WdDnVzozaDceNyvtA6OVl&#10;14qMjNAZRRE1n5HPO+Do9VLWRJvBKUDOVyg0WcDXgdlQChzWBrHZOoz0wZTEFvHEKel+2yFvNqXX&#10;3v+0A3W223I9B3oWTAZ4fbeD09gNNVRhKS1dznpH7HPV7A7wfSgpSlvDuKzw7IEQvrPfWqWViVmY&#10;3GpHUM8xp0Dv1IbSXwZDEgwXjuzWCz5vx88JXuOIPf9nwHHlmVY3tgEAdud+cnUYQKsC9g3hTELX&#10;5Z7JU407WSE2xvD/FK3cVq+NmLtIvGYB7I1VmobCxJMskYsILDsWLNRaSu+zHszs5tO/0m+/WNCC&#10;qtyf/wFmCP12FhR6gYltTwcG7XUoKmG26RCNndJZ9ddwcCOMBk4cMKZf2BkXik1DYdYD8JQHB9IY&#10;cSS4YvXQ/uJdpnqeCSNlz/RPFNQboCgtgaZ5dhnvkkMU+DggTQ2RLSGxbfaLJ9BDcrJCdWSZER9/&#10;xqVuUIv/wdjB4MGNd0FNznR5Av4HJZ5fvcWVSV/uVqFA3i53hznEup41qqfpYAKkyVUc4N0/TWe1&#10;w2TtxKywREyDk3Swu80XieWoitesUDs+mLQcO654y6gJTEVvf88FVlNbQNFjynjMpM7JMsN0L12N&#10;++S4Yls3QwbL&#10;    </string>
    <string name="user_id_pref">ZsTtzLcjyYzQdzIsX3qze3zd6bH1iKlGcyYL20CwVHy7zSIR7i2UAQ/SmftvapdcxYhRb2BzMHhj&#10;N17emYfRbA==&#10;    </string>
    <string name="active_subscription_country_code_key">IN</string>
    <string name="pref_registration_type">native</string>
    <boolean name="mini_player_view_status" value="true" />
    <boolean name="android_play_allowed" value="true" />
    <boolean name="user_allowed_hd_streaming" value="true" />
    <boolean name="existing_google_play_subscription_suspended_pref_key" value="false" />
    <string name="refresh_token_pref">6LapMEgG7KGpfndzdSJf7pEnrVz02TQwRXmSd3QzF2+27vCyFVimf9PXNb9eNeACVwOA4iWiG8Zz&#10;+wuVKuDK3Pba8YvyZCEK6gQB0b/aq0KGbR1e8Y1HbBpibn9vwQJYbZ1mDK03FNjhxVxQSwTclzv2&#10;5H2ZxPis9DpLMPQQ9YM=&#10;    </string>
    <boolean name="MSG-whatsapp" value="true" />
    <boolean name="parental_controls" value="true" />
    <boolean name="network_connected_share_pref_name" value="true" />
    <string name="active_subscription_start_date_pref_key">2025-06-16T10:25:40.796Z</string>
    <boolean name="user_allowed_download" value="true" />
    <boolean name="user_allowed_casting" value="true" />
    <string name="user_subscription_plan_tilte">12 Months</string>
    <string name="user_profile_id">ab961c70-d4ca-4bf7-a5fe-aa2ab59ee460</string>
    <string name="active_subscription_end_date_pref_key">2026-06-16T10:25:40.796Z</string>
    <string name="active_subscription_plan_name_pref_key">2 Streams 1 Year</string>
    <boolean name="is_home_started" value="true" />
    <boolean name="is_show_pip" value="true" />
    <string name="existing_subscription_plan_description">Rs 84/month ; &#10;2 Simultaneous Streams;&#10;Connect to 5 Devices;&#10;🎁 Save 50%</string>
    <int name="video_watch_count" value="1" />
    <string name="user_state">eyJzdGF0ZSI6WyJzdWJzY3JpYmVkIl0sImNvbnRlbnRGaWx0ZXJJZCI6bnVsbH0=</string>
    <boolean name="set_user_password" value="true" />
    <string name="active_subscription_status_pref_key">COMPLETED</string>
    <string name="auth_token_pref">QAotyq2gcCbRmsO4RLlNoqpU6PnrfHCowVzKNQ0ra7xR2j+IEKoa5v5m8Jbf8SEbgTu7pBPRt97d&#10;8UuIZMIBq1ZO7S6dvp7YjGFgDpShefM8VerDwb/o4svbovSJc2d5Cw4ehaV8BttTu784eDoCR54V&#10;OxVobKGJtJOiwhIiw0Iwqe2U+hYqL7YuKZgjbxsvI4VeXXkvgGD3uKUT2JDFtzau6CWHCeTYGVLk&#10;rovJESrxTJrE367lyrFYtOXqMnOyk3KB4ADGj2Y6cWwMxM5BfzYZ2ZPoQsJGj95HEePp404l8t/A&#10;3tfHUUvXXjbgQeB21d06HL6NaCv0peYTfbyIXB58llxme59dzgVuEOilReaGPemQ6A6M+iEufrAG&#10;dx5Na9+egkCZ8YnoNKxwmW2sGgllspqb8ValcQLw3sQVQ3TB2q7kCbdKpL1+LRK5mY9nlwxWz0ga&#10;fo0QItfwCFNOs/1vmcnsx/JIREO40yyBE2cyRKpSv3AVWbi8DlMT2F56Uk2OxmhW81L9mq245Bu+&#10;qXkQO1v0F3eZIV281wBiygEG0ZF20Nqxd2EeYiyGEpOm85ZaxRgavKXX3SyZ4e/QRDWqs00f0oQD&#10;9yhFPsNUgPLHAoFfE7k+f51gSnNwuDExDfbCn0J7kX54EK+rcA7ibfEyYh2lN/GTGHRuf2cb6I9d&#10;9fMMlQHRSipqr03e0f/zdSpidthjN9hsHnapkei5d5ZAcQwG6WjdUJg68jzvJBI5dWGIe6SDZYwp&#10;31HssIq7pfKhNIofilkl3pe/n/lfSB3JVi4uwEe/37G0Vl6iXBN8QyBG2WGJtQwgfFfnCyB09dWS&#10;DrIwO9SKfV7fa1siRZVz00dw8VNxh+Wwj/7eYrToSrs8TBtqdOrX+kHxfphJuUdg272rcZNkUUSq&#10;ihvx0sc9XDJwm3cgftq8cz3A/TtRy7o/GStLenfjocSKT0QD&#10;    </string>
    <string name="subscription_status_pref_name">COMPLETED</string>
    <string name="play_store_country_code">IN</string>
    <string name="USER_LOGGED_IN_MODE">NATIVE</string>
    <boolean name="is_user_subscribed_pref_key" value="true" />
    <int name="active_network_type_pref_name" value="1" />
    <string name="active_subscription_plan_price_pref_key">999.0</string>
    <boolean name="adjust_event_first_watched" value="true" />
    <string name="parental_pin">2030</string>
    <boolean name="browser_storage" value="false" />
    <string name="active_subscription_plan_cycle_type_pref_key">YEAR</string>
    <boolean name="active_subscription_plan_renewable_pref_key" value="true" />
    <boolean name="browser_open" value="true" />
    <boolean name="MSG-EMAIL_CONSENT_CHECKED_PREFS" value="false" />
    <string name="download_page_id_pref">28c3bb4e-ccfa-4b56-bbf9-e1237a7890b1</string>
    <string name="user_device_list">{&quot;Count&quot;:1,&quot;Items&quot;:[{&quot;deviceId&quot;:&quot;656535b44c2d5730&quot;,&quot;deviceName&quot;:&quot;Xiaomi Redmi Note 9 Pro Max&quot;,&quot;platform&quot;:&quot;android&quot;,&quot;updateDate&quot;:&quot;2025-09-24T06:57:50.858Z&quot;}]}</string>
    <string name="user_email_pref">QSsfXtITj/Nv9Qy3I2Cs1nsJdqSl8eP0dzfiXYeKrR0+viV6mqz0aPH3OJy+b3g/&#10;    </string>
    <int name="app_open_count" value="1" />
    <long name="user_loggedin_time_pref" value="1758697073144" />
</map>
