<?xml version='1.0' encoding='utf-8' standalone='yes' ?>
<map>
    <string name="feature_usage_package_name">com.viewlift.hoichoi</string>
    <string name="client_sender_id">b2857dac-4a53-42bd-8983-bba9902f464c</string>
    <long name="feature_usage_timestamp_detected_feature_3" value="1756834801730" />
    <long name="feature_usage_timestamp_detected_feature_12" value="1756834801740" />
    <long name="feature_usage_last_report_time" value="1756828233192" />
    <long name="feature_usage_timestamp_detected_feature_15" value="1756834801731" />
    <string name="feature_usage_sdk_version">20.1.0</string>
    <long name="feature_usage_timestamp_reported_feature_5" value="1756834815991" />
</map>
