<?xml version='1.0' encoding='utf-8' standalone='yes' ?>
<map>
    <boolean name="measurement_enabled_from_api" value="true" />
    <long name="first_open_time" value="1756828223082" />
    <string name="gmp_app_id">1:525148171038:android:1518edc0290a20d1</string>
    <string name="app_instance_id">c3b2269cd976ba8a969e37be349d1d37</string>
    <boolean name="app_backgrounded" value="false" />
    <long name="session_id" value="1756834610" />
    <long name="health_monitor:start" value="1756828224077" />
    <boolean name="use_service" value="true" />
    <boolean name="deferred_analytics_collection" value="false" />
    <string name="previous_os_version">15</string>
    <boolean name="measurement_enabled" value="true" />
    <boolean name="has_been_opened" value="true" />
    <boolean name="allow_remote_dynamite" value="true" />
    <long name="last_pause_time" value="1756834820741" />
    <boolean name="start_new_session" value="false" />
</map>
