<?xml version='1.0' encoding='utf-8' standalone='yes' ?>
<map>
    <long name="DownloadDisplayMessageMillis" value="1756740066245" />
    <boolean name="firstAppStartWithUser" value="false" />
    <boolean name="shouldDownloadToSDCard" value="false" />
    <long name="LastLicenseMarkSyncMillis" value="1756754466247" />
    <boolean name="firstAppStartWithoutUser" value="false" />
    <long name="SyncPlayerSdkDownloadMillis" value="1756754466803" />
    <long name="RetryDisabledDownloadSyncMillis" value="1756740066245" />
    <long name="SyncPlayerSdkErrorStateMillis" value="1756740066245" />
    <boolean name="shouldSubscribeToAllTopics" value="false" />
    <long name="LastLicenseSyncMillis" value="1756740066245" />
    <long name="RefreshMetadataSyncTTLMillis" value="1757344866802" />
    <long name="com.amazon.communication.remotesetting.pref.LAST_SUCCESSFUL_SYNC" value="1756740063424" />
    <long name="QueueDownloadSyncMills" value="1756740066245" />
    <string name="PN_customer_vcr">GB</string>
    <long name="DeleteDownloadSyncMillis" value="1756740066246" />
    <string name="PN_subscription_prefs">[{&quot;topic&quot;:&quot;AIV_video_in_library&quot;,&quot;isSubscribed&quot;:false},{&quot;topic&quot;:&quot;AIV_video_recommendations&quot;,&quot;isSubscribed&quot;:false},{&quot;topic&quot;:&quot;AIV_new_feature&quot;,&quot;isSubscribed&quot;:false},{&quot;topic&quot;:&quot;AIV_offer&quot;,&quot;isSubscribed&quot;:false}]</string>
    <boolean name="auto_play_enabled" value="true" />
    <long name="com.amazon.communication.remotesetting.pref.LAST_SYNC_ATTEMPT" value="1756740063424" />
    <long name="LastLicenseRepairMillis" value="1756740066245" />
    <long name="DisabledDownloadSyncMillis" value="1756740066245" />
    <string name="PN_customer_id">amzn1.account.AE533KZS6TC3MAEEAR4CZHLXND3A</string>
    <long name="LastImagesDownloadSyncMillis" value="1756754466803" />
</map>
