<?xml version='1.0' encoding='utf-8' standalone='yes' ?>
<map>
    <string name="localesWithStrings">en_US</string>
    <string name="lastSeenUxLocale">en_US</string>
    <string name="lastDisplayedLocalizationType">IN_APP</string>
    <string name="lastResolvedSupportedLocaleSet">en_US,es_419,es_US,pl_PL,fr_FR,ru_RU,hi_IN,te_IN,ta_IN,de_DE,it_IT,th_TH,pt_BR,nl_NL,fi_FI,id_ID,nb_NO,sv_SE,da_DK,pt_PT,ms_MY,fil_PH,ja_JP,el_GR,ro_RO,cs_CZ,hu_HU,zh_CN,zh_TW,tr_TR,ko_KR</string>
    <string name="lastReportedLocaleToLDS">en_US</string>
    <string name="lastSeenPreferredLanguage">en_GB</string>
    <string name="lastDisplayedLocale">en_US</string>
</map>
