<?xml version='1.0' encoding='utf-8' standalone='yes' ?>
<map>
    <boolean name="PN_registered_successfully_with_MPRS" value="true" />
    <string name="PN_registration_id">exeQvlZFStSe5yyPHbHqic:APA91bFP12cM06bUP56DnSwVfjtWvltlGhiefo9Y3Qgi1oySuE8DoUCLePK8p8P8K13sqrpviNCwWTEYdhPq_ndDo66vdILauW16fXhL0ZzrvsHBz0SOax0</string>
    <string name="PN_OS_notification_state">ACTIVE</string>
    <int name="PN_sequence_number_int" value="1" />
    <boolean name="isHfrSupported_Cache" value="false" />
    <string name="mostRecentlySeenMarketplaceId">A1F83G8C2ARO7P</string>
    <boolean name="isHdrSupported_Cache" value="false" />
    <boolean name="isUhdSupported_Cache" value="false" />
    <boolean name="isReferrerValueSet" value="true" />
    <string name="mostRecentlySeenVcrPivot">UK:AWAY</string>
    <boolean name="EventSync_shouldForceProcess" value="true" />
    <string name="PN_OS_version">11</string>
    <string name="PN_application_install_id">EU:amazonaiv:5cb4c523-6ef1-4e46-9434-0ae16dc7f906</string>
    <string name="playbackSupportInfo_Cache">SUPPORTED_HARDWARE</string>
    <boolean name="isDolyDigitalPlusSupported_Cache" value="false" />
    <string name="deviceVideoCodecOverride_Cache">H264</string>
    <boolean name="isHevcSupported_Cache" value="false" />
    <boolean name="isPlaybackSupportCached" value="true" />
    <string name="deviceBitrateAdaptationsOverride_Cache">CBR;CVBR</string>
    <string name="playStoreInstallReferrer">utm_source=google-play&amp;utm_medium=organic</string>
    <boolean name="isHdSupported_Cache" value="false" />
    <string name="PN_app_version">3.0.383.347</string>
</map>
