<?xml version='1.0' encoding='utf-8' standalone='yes' ?>
<map>
    <int name="comms_mtd:8W6-4W8-8R5Z" value="0" />
    <int name="comms_first_ts:8W6-4W8-8R5Z" value="1758696979" />
    <string name="deviceId:8W6-4W8-8R5Z">__cd679c33e5d14c9d8ee95f87e27b800d</string>
    <boolean name="NetworkInfo:8W6-4W8-8R5Z" value="true" />
    <string name="instance:8W6-4W8-8R5Z">{&quot;accountId&quot;:&quot;8W6-4W8-8R5Z&quot;,&quot;accountToken&quot;:&quot;b04-60b&quot;,&quot;analyticsOnly&quot;:false,&quot;isDefaultInstance&quot;:true,&quot;useGoogleAdId&quot;:false,&quot;disableAppLaunchedEvent&quot;:false,&quot;personalization&quot;:true,&quot;debugLevel&quot;:0,&quot;createdPostAppLaunch&quot;:false,&quot;sslPinning&quot;:false,&quot;backgroundSync&quot;:true,&quot;getEnableCustomCleverTapId&quot;:false,&quot;beta&quot;:false,&quot;allowedPushTypes&quot;:[&quot;FCM&quot;,&quot;XPS&quot;,&quot;HPS&quot;,&quot;BPS&quot;,&quot;ADM&quot;]}</string>
    <string name="comms_dmn_spiky:8W6-4W8-8R5Z">eu1-spiky.clevertap-prod.com</string>
    <int name="lastSessionId:8W6-4W8-8R5Z" value="1758696977" />
    <string name="fcm_token:8W6-4W8-8R5Z">fzguruWCSuGsoLWI-gBloi:APA91bE46Lcc6jqM1qY0thPMw-dK38cSXGMgjYIZ26lvMySzJX8E3ulDdeS0irMySxKxtLoaD2t1Z-A7Qbh3NNxOfN23Q8a2rxlm-cfF6t87_Faqi0fBqxM</string>
    <string name="ict_date:__cd679c33e5d14c9d8ee95f87e27b800d:8W6-4W8-8R5Z">24092025</string>
    <int name="pfjobid" value="1446625357" />
    <string name="SP_KEY_PROFILE_IDENTITIES:8W6-4W8-8R5Z">Email,Identity</string>
    <string name="comms_dmn:8W6-4W8-8R5Z">eu1.clevertap-prod.com</string>
    <int name="sexe:8W6-4W8-8R5Z" value="1758697100" />
    <string name="cachedGUIDsKey:8W6-4W8-8R5Z">{&quot;Email_buymowbin@neko2.net&quot;:&quot;__cd679c33e5d14c9d8ee95f87e27b800d&quot;,&quot;Identity_ab961c70-d4ca-4bf7-a5fe-aa2ab59ee460&quot;:&quot;__cd679c33e5d14c9d8ee95f87e27b800d&quot;}</string>
    <int name="istc_inapp:__cd679c33e5d14c9d8ee95f87e27b800d:8W6-4W8-8R5Z" value="0" />
    <int name="comms_last_ts:8W6-4W8-8R5Z" value="1758697093" />
</map>
