<?xml version='1.0' encoding='utf-8' standalone='yes' ?>
<map>
    <string name="Watched:8W6-4W8-8R5Z">1|1756831303|1756831303</string>
    <string name="View Plans:8W6-4W8-8R5Z">1|1756828276|1756828276</string>
    <string name="App Launched:8W6-4W8-8R5Z">8|1756828232|1756834813</string>
    <string name="Login:8W6-4W8-8R5Z">1|1756831161|1756831161</string>
    <string name="Page Viewed:8W6-4W8-8R5Z">28|1756828245|1756834820</string>
    <string name="Play Started:8W6-4W8-8R5Z">1|1756831297|1756831297</string>
</map>
