<?xml version='1.0' encoding='utf-8' standalone='yes' ?>
<map>
    <int name="d_ts" value="1756828252" />
    <int name="dh" value="1726786095" />
    <int name="hgt" value="4" />
    <string name="av">2.3.96</string>
    <int name="v" value="2" />
    <int name="wdt" value="2" />
    <string name="j_n">ZmlkfQUDBQBv</string>
    <string name="i_n">Zm1jegAFBAdl</string>
    <int name="r_ts" value="1756834821" />
    <string name="id">8W6-4W8-8R5Z</string>
    <string name="k_n">DHh5cgMIAABua2RyZGxkaR4SAlFkbDFzYG5/KlZRCBljPGZzejhhLQAdU1ZkbmYtNThlLVRWE2k=</string>
    <string name="j_s">{}</string>
</map>
