<?xml version='1.0' encoding='utf-8' standalone='yes' ?>
<map>
    <int name="comms_mtd:8W6-4W8-8R5Z" value="0" />
    <int name="comms_first_ts:8W6-4W8-8R5Z" value="1757601281" />
    <string name="deviceId:8W6-4W8-8R5Z">__765d0a0c3f63421f9071c3b92fe90b34</string>
    <int name="istc_inapp:__765d0a0c3f63421f9071c3b92fe90b34:8W6-4W8-8R5Z" value="0" />
    <boolean name="NetworkInfo:8W6-4W8-8R5Z" value="true" />
    <string name="instance:8W6-4W8-8R5Z">{&quot;accountId&quot;:&quot;8W6-4W8-8R5Z&quot;,&quot;accountToken&quot;:&quot;b04-60b&quot;,&quot;analyticsOnly&quot;:false,&quot;isDefaultInstance&quot;:true,&quot;useGoogleAdId&quot;:false,&quot;disableAppLaunchedEvent&quot;:false,&quot;personalization&quot;:true,&quot;debugLevel&quot;:0,&quot;createdPostAppLaunch&quot;:false,&quot;sslPinning&quot;:false,&quot;backgroundSync&quot;:true,&quot;getEnableCustomCleverTapId&quot;:false,&quot;beta&quot;:false,&quot;allowedPushTypes&quot;:[&quot;FCM&quot;,&quot;XPS&quot;,&quot;HPS&quot;,&quot;BPS&quot;,&quot;ADM&quot;]}</string>
    <string name="comms_dmn_spiky:8W6-4W8-8R5Z">eu1-spiky.clevertap-prod.com</string>
    <int name="lastSessionId:8W6-4W8-8R5Z" value="1757601279" />
    <string name="fcm_token:8W6-4W8-8R5Z">c9J5IAroRji2dlEkM6i9t7:APA91bGhYVPdxCAi-gxCOD9s7xGomrd4Z2AIS_uoP9sCTSqqsfzCtssFL2RuAkmNVg5fg0ax3ytf80x_Zm53HNKkD1nTFjn2EMh54Y41e97Bmo53NNvEctM</string>
    <int name="pfjobid" value="1446625357" />
    <string name="SP_KEY_PROFILE_IDENTITIES:8W6-4W8-8R5Z">Email,Identity</string>
    <string name="comms_dmn:8W6-4W8-8R5Z">eu1.clevertap-prod.com</string>
    <int name="sexe:8W6-4W8-8R5Z" value="1757601389" />
    <string name="cachedGUIDsKey:8W6-4W8-8R5Z">{&quot;Email_riponmondal.raj@gmail.com&quot;:&quot;__765d0a0c3f63421f9071c3b92fe90b34&quot;,&quot;Identity_13da049204136a007387b90577095d4b8685525d990a5b0b5cea1b78eca9fcb3&quot;:&quot;__765d0a0c3f63421f9071c3b92fe90b34&quot;}</string>
    <int name="comms_last_ts:8W6-4W8-8R5Z" value="1757601383" />
    <string name="ict_date:__765d0a0c3f63421f9071c3b92fe90b34:8W6-4W8-8R5Z">11092025</string>
</map>
