<?xml version='1.0' encoding='utf-8' standalone='yes' ?>
<map>
    <int name="comms_mtd:8W6-4W8-8R5Z" value="0" />
    <int name="comms_first_ts:8W6-4W8-8R5Z" value="1758431360" />
    <string name="deviceId:8W6-4W8-8R5Z">__a065a993a6e0487b902a24fe7981ecf7</string>
    <int name="istc_inapp:__a065a993a6e0487b902a24fe7981ecf7:8W6-4W8-8R5Z" value="0" />
    <boolean name="NetworkInfo:8W6-4W8-8R5Z" value="true" />
    <string name="instance:8W6-4W8-8R5Z">{&quot;accountId&quot;:&quot;8W6-4W8-8R5Z&quot;,&quot;accountToken&quot;:&quot;b04-60b&quot;,&quot;analyticsOnly&quot;:false,&quot;isDefaultInstance&quot;:true,&quot;useGoogleAdId&quot;:false,&quot;disableAppLaunchedEvent&quot;:false,&quot;personalization&quot;:true,&quot;debugLevel&quot;:0,&quot;createdPostAppLaunch&quot;:false,&quot;sslPinning&quot;:false,&quot;backgroundSync&quot;:true,&quot;getEnableCustomCleverTapId&quot;:false,&quot;beta&quot;:false,&quot;allowedPushTypes&quot;:[&quot;FCM&quot;,&quot;XPS&quot;,&quot;HPS&quot;,&quot;BPS&quot;,&quot;ADM&quot;]}</string>
    <string name="comms_dmn_spiky:8W6-4W8-8R5Z">eu1-spiky.clevertap-prod.com</string>
    <int name="lastSessionId:8W6-4W8-8R5Z" value="1758431427" />
    <string name="ict_date:__a065a993a6e0487b902a24fe7981ecf7:8W6-4W8-8R5Z">21092025</string>
    <string name="fcm_token:8W6-4W8-8R5Z">e4DgRH9xT0iYK_JWkOEl7Z:APA91bHVD74bIxWHckgI3ZtO19A_Q8WyJCjHAjthXkgOH8OXO14LHNc0rLsDK9hFHFUvQGsgTQkHbjqOk7z4rKNEgoTSuHb3q73mYd0VScph42ceIePm6rw</string>
    <int name="pfjobid" value="1446625357" />
    <string name="SP_KEY_PROFILE_IDENTITIES:8W6-4W8-8R5Z">Email,Identity</string>
    <string name="comms_dmn:8W6-4W8-8R5Z">eu1.clevertap-prod.com</string>
    <int name="sexe:8W6-4W8-8R5Z" value="1758431458" />
    <string name="cachedGUIDsKey:8W6-4W8-8R5Z">{&quot;Email_n002.nayan@gmail.com&quot;:&quot;__a065a993a6e0487b902a24fe7981ecf7&quot;,&quot;Identity_8bddcb8aab59dcdefff2f4e6c3061d19d8a6fc4b7777d730d531586ad156ef67&quot;:&quot;__a065a993a6e0487b902a24fe7981ecf7&quot;}</string>
    <int name="comms_last_ts:8W6-4W8-8R5Z" value="1758431457" />
</map>
