<?xml version='1.0' encoding='utf-8' standalone='yes' ?>
<map>
    <string name="Logout:8W6-4W8-8R5Z">2|1760739031|1760739031</string>
    <string name="Page Viewed:8W6-4W8-8R5Z">18|1758696980|1760739291</string>
    <string name="View Plans:8W6-4W8-8R5Z">1|1760739046|1760739046</string>
    <string name="App Launched:8W6-4W8-8R5Z">4|1758696977|1760739269</string>
    <string name="Login:8W6-4W8-8R5Z">2|1758697072|1760739268</string>
    <string name="Play Started:8W6-4W8-8R5Z">1|1758697092|1758697092</string>
</map>
