<?xml version='1.0' encoding='utf-8' standalone='yes' ?>
<map>
    <int name="istc_inapp:__296079eaf85a4215bab57cd2fa94e5e7:8W6-4W8-8R5Z" value="0" />
    <int name="comms_mtd:8W6-4W8-8R5Z" value="0" />
    <int name="comms_first_ts:8W6-4W8-8R5Z" value="1756828237" />
    <string name="deviceId:8W6-4W8-8R5Z">__296079eaf85a4215bab57cd2fa94e5e7</string>
    <boolean name="NetworkInfo:8W6-4W8-8R5Z" value="true" />
    <string name="instance:8W6-4W8-8R5Z">{&quot;accountId&quot;:&quot;8W6-4W8-8R5Z&quot;,&quot;accountToken&quot;:&quot;b04-60b&quot;,&quot;analyticsOnly&quot;:false,&quot;isDefaultInstance&quot;:true,&quot;useGoogleAdId&quot;:false,&quot;disableAppLaunchedEvent&quot;:false,&quot;personalization&quot;:true,&quot;debugLevel&quot;:0,&quot;createdPostAppLaunch&quot;:false,&quot;sslPinning&quot;:false,&quot;backgroundSync&quot;:true,&quot;getEnableCustomCleverTapId&quot;:false,&quot;beta&quot;:false,&quot;allowedPushTypes&quot;:[&quot;FCM&quot;,&quot;XPS&quot;,&quot;HPS&quot;,&quot;BPS&quot;,&quot;ADM&quot;]}</string>
    <string name="comms_dmn_spiky:8W6-4W8-8R5Z">eu1-spiky.clevertap-prod.com</string>
    <int name="lastSessionId:8W6-4W8-8R5Z" value="1756834811" />
    <string name="fcm_token:8W6-4W8-8R5Z">diPDtWwqQoqAwepglZQwPk:APA91bEyxBd4U9Htq4NMW-sRdjnGgzhw3aiEQdZQRJkJ7zah5DGq40RriHUXozTyq-_VZg2eFZiKmgkaROIFEybeHnk4D6FAPSThy2ilGPj9UD2pwH2JMvk</string>
    <int name="pfjobid" value="1446625357" />
    <string name="SP_KEY_PROFILE_IDENTITIES:8W6-4W8-8R5Z">Email,Identity</string>
    <int name="sexe:8W6-4W8-8R5Z" value="1756834812" />
    <string name="comms_dmn:8W6-4W8-8R5Z">eu1.clevertap-prod.com</string>
    <string name="ict_date:__296079eaf85a4215bab57cd2fa94e5e7:8W6-4W8-8R5Z">02092025</string>
    <string name="cachedGUIDsKey:8W6-4W8-8R5Z">{&quot;Identity_3e36c874-ada9-4f48-b3f2-bb344fbb7fff&quot;:&quot;__296079eaf85a4215bab57cd2fa94e5e7&quot;}</string>
    <int name="comms_last_ts:8W6-4W8-8R5Z" value="1756834820" />
</map>
