{"Fid":"c9J5IAroRji2dlEkM6i9t7","Status":3,"AuthToken":"eyJhbGciOiJFUzI1NiIsInR5cCI6IkpXVCJ9.eyJhcHBJZCI6IjE6NTI1MTQ4MTcxMDM4OmFuZHJvaWQ6MTUxOGVkYzAyOTBhMjBkMSIsImV4cCI6MTc1ODIwNjA3NiwiZmlkIjoiYzlKNUlBcm9SamkyZGxFa002aTl0NyIsInByb2plY3ROdW1iZXIiOjUyNTE0ODE3MTAzOH0.AB2LPV8wRgIhAL-qgbvqoBEMZhchC_kc-Y-_b_u9mwJbNZ2GjlrFFflgAiEAw8i9-pfjfzz_5A2wpE3-GJI7GsfcRMTEo9xXZTZTOug","RefreshToken":"3_AS3qfwI_NPQ6D9PI1p4YxYMM2T-ZOiD9M7GgAiWeFPe4pzBgm8W09jy2z4sB7_HNixXQtOQ6Bu35O6Y5Jew-LsIuHBfcBsBlrAY3BU7djHCkxkE","TokenCreationEpochInSecs":1757601276,"ExpiresInSecs":604800}