{"Fid":"diPDtWwqQoqAwepglZQwPk","Status":3,"AuthToken":"eyJhbGciOiJFUzI1NiIsInR5cCI6IkpXVCJ9.eyJhcHBJZCI6IjE6NTI1MTQ4MTcxMDM4OmFuZHJvaWQ6MTUxOGVkYzAyOTBhMjBkMSIsImV4cCI6MTc1NzQzMzA1MCwiZmlkIjoiZGlQRHRXd3FRb3FBd2VwZ2xaUXdQayIsInByb2plY3ROdW1iZXIiOjUyNTE0ODE3MTAzOH0.AB2LPV8wRQIgH9lDn6-JG9NoD9FZKzHtfrSUlPterE0EaJs_a1bCpPECIQCygdogR0N_Opj7AD1JN1p9z90gTdyVadYos-psfgkLGw","RefreshToken":"3_AS3qfwLL_ZP7iikqEVpnZgLXYZ-kNB-ybgubjgB6WJvRiMgyjmdGHK3x_qxEh-xL3ftNS41ZnYfDXXLcR9j7IARbCbnFTTLdqDlkH7ZHIsi3u9M","TokenCreationEpochInSecs":1756828249,"ExpiresInSecs":604800}